2015-08-11 19:40:36.387,1,GT-P3110,f7f3aa53-a1c4-44d2-91e0-24c2fc0eec1b,51.0765923,13.0117755,308.50443937803664,16.0,0.0,0,-369,Freifunk Dresden [1010],32:b5:c2:ed:86:14,-63,13,'(.*)(F|f)reifunk(.*)'
2015-08-11 19:40:36.420,1,GT-P3110,f7f3aa53-a1c4-44d2-91e0-24c2fc0eec1b,51.0765923,13.0117755,308.50443937803664,16.0,0.0,0,-369,Freifunk Dresden [1131],ea:94:f6:87:ab:aa,-78,13,'(.*)(F|f)reifunk(.*)'
2015-08-11 19:40:39.435,1,GT-P3110,f7f3aa53-a1c4-44d2-91e0-24c2fc0eec1b,51.0764121,13.0119008,307.63640085394337,16.0,0.0,0,-1538,Freifunk Dresden [1010],32:b5:c2:ed:86:14,-66,13,'(.*)(F|f)reifunk(.*)'
2015-08-11 19:40:39.440,1,GT-P3110,f7f3aa53-a1c4-44d2-91e0-24c2fc0eec1b,51.0764121,13.0119008,307.63640085394337,16.0,0.0,0,-1538,Freifunk Dresden [1131],ea:94:f6:87:ab:aa,-81,13,'(.*)(F|f)reifunk(.*)'
2015-08-11 19:40:42.450,1,GT-P3110,f7f3aa53-a1c4-44d2-91e0-24c2fc0eec1b,51.0764121,13.0119008,302.6926359408401,16.0,0.0,0,-542,Freifunk Dresden [1010],32:b5:c2:ed:86:14,-70,13,'(.*)(F|f)reifunk(.*)'
2015-08-11 19:40:42.457,1,GT-P3110,f7f3aa53-a1c4-44d2-91e0-24c2fc0eec1b,51.0764121,13.0119008,302.6926359408401,16.0,0.0,0,-542,Freifunk Dresden [1131],ea:94:f6:87:ab:aa,-82,13,'(.*)(F|f)reifunk(.*)'
2015-08-11 19:40:45.491,1,GT-P3110,f7f3aa53-a1c4-44d2-91e0-24c2fc0eec1b,51.0764121,13.0119008,296.277272710021,16.0,0.0,0,-587,Freifunk Dresden [1010],32:b5:c2:ed:86:14,-66,13,'(.*)(F|f)reifunk(.*)'
2015-08-11 19:40:45.506,1,GT-P3110,f7f3aa53-a1c4-44d2-91e0-24c2fc0eec1b,51.0764121,13.0119008,296.277272710021,16.0,0.0,0,-587,Freifunk Dresden [1131],ea:94:f6:87:ab:aa,-75,13,'(.*)(F|f)reifunk(.*)'
2015-08-11 19:40:48.517,1,GT-P3110,f7f3aa53-a1c4-44d2-91e0-24c2fc0eec1b,51.0764121,13.0119008,290.4523007151495,12.0,0.0,0,-616,Freifunk Dresden [1010],32:b5:c2:ed:86:14,-66,13,'(.*)(F|f)reifunk(.*)'
2015-08-11 19:40:48.522,1,GT-P3110,f7f3aa53-a1c4-44d2-91e0-24c2fc0eec1b,51.0764121,13.0119008,290.4523007151495,12.0,0.0,0,-616,Freifunk Dresden [1131],ea:94:f6:87:ab:aa,-79,13,'(.*)(F|f)reifunk(.*)'
2015-08-11 19:40:51.525,1,GT-P3110,f7f3aa53-a1c4-44d2-91e0-24c2fc0eec1b,51.0764121,13.0119008,293.9917038100539,12.0,0.0,0,-648,Freifunk Dresden [1010],32:b5:c2:ed:86:14,-64,13,'(.*)(F|f)reifunk(.*)'
2015-08-11 19:40:51.528,1,GT-P3110,f7f3aa53-a1c4-44d2-91e0-24c2fc0eec1b,51.0764121,13.0119008,293.9917038100539,12.0,0.0,0,-648,Freifunk Dresden [1131],ea:94:f6:87:ab:aa,-84,13,'(.*)(F|f)reifunk(.*)'
2015-08-11 19:40:54.514,1,GT-P3110,f7f3aa53-a1c4-44d2-91e0-24c2fc0eec1b,51.0764121,13.0119008,299.35026405398946,12.0,0.0,0,-639,Freifunk Dresden [1010],32:b5:c2:ed:86:14,-68,13,'(.*)(F|f)reifunk(.*)'
2015-08-11 19:40:54.517,1,GT-P3110,f7f3aa53-a1c4-44d2-91e0-24c2fc0eec1b,51.0764121,13.0119008,299.35026405398946,12.0,0.0,0,-639,Freifunk Dresden [1131],ea:94:f6:87:ab:aa,-87,13,'(.*)(F|f)reifunk(.*)'
2015-08-11 19:40:57.511,1,GT-P3110,f7f3aa53-a1c4-44d2-91e0-24c2fc0eec1b,51.0764121,13.0119008,302.3065998080514,12.0,0.0,0,-1598,Freifunk Dresden [1010],32:b5:c2:ed:86:14,-68,13,'(.*)(F|f)reifunk(.*)'
2015-08-11 19:40:57.514,1,GT-P3110,f7f3aa53-a1c4-44d2-91e0-24c2fc0eec1b,51.0764121,13.0119008,302.3065998080514,12.0,0.0,0,-1598,Freifunk Dresden [1131],ea:94:f6:87:ab:aa,-84,13,'(.*)(F|f)reifunk(.*)'
2015-08-11 19:41:00.509,1,GT-P3110,f7f3aa53-a1c4-44d2-91e0-24c2fc0eec1b,51.0764121,13.0119008,305.41337378110757,12.0,0.0,0,-633,Freifunk Dresden [1010],32:b5:c2:ed:86:14,-66,13,'(.*)(F|f)reifunk(.*)'
2015-08-11 19:41:00.511,1,GT-P3110,f7f3aa53-a1c4-44d2-91e0-24c2fc0eec1b,51.0764121,13.0119008,305.41337378110757,12.0,0.0,0,-633,Freifunk Dresden [1131],ea:94:f6:87:ab:aa,-84,13,'(.*)(F|f)reifunk(.*)'
2015-08-11 19:41:03.489,1,GT-P3110,f7f3aa53-a1c4-44d2-91e0-24c2fc0eec1b,51.0764121,13.0119008,303.10587132414275,12.0,0.0,0,-625,Freifunk Dresden [1010],32:b5:c2:ed:86:14,-63,13,'(.*)(F|f)reifunk(.*)'
2015-08-11 19:41:03.490,1,GT-P3110,f7f3aa53-a1c4-44d2-91e0-24c2fc0eec1b,51.0764121,13.0119008,303.10587132414275,12.0,0.0,0,-625,Freifunk Dresden [1131],ea:94:f6:87:ab:aa,-79,13,'(.*)(F|f)reifunk(.*)'
2015-08-11 19:41:06.495,1,GT-P3110,f7f3aa53-a1c4-44d2-91e0-24c2fc0eec1b,51.0764121,13.0119008,303.0452253827638,12.0,0.0,0,-1592,Freifunk Dresden [1010],32:b5:c2:ed:86:14,-66,13,'(.*)(F|f)reifunk(.*)'
2015-08-11 19:41:06.499,1,GT-P3110,f7f3aa53-a1c4-44d2-91e0-24c2fc0eec1b,51.0764121,13.0119008,303.0452253827638,12.0,0.0,0,-1592,Freifunk Dresden [1131],ea:94:f6:87:ab:aa,-81,13,'(.*)(F|f)reifunk(.*)'
2015-08-11 19:41:09.511,1,GT-P3110,f7f3aa53-a1c4-44d2-91e0-24c2fc0eec1b,51.0764121,13.0119008,302.89532102497043,12.0,0.0,0,-596,Freifunk Dresden [1010],32:b5:c2:ed:86:14,-66,13,'(.*)(F|f)reifunk(.*)'
2015-08-11 19:41:09.518,1,GT-P3110,f7f3aa53-a1c4-44d2-91e0-24c2fc0eec1b,51.0764121,13.0119008,302.89532102497043,12.0,0.0,0,-596,Freifunk Dresden [1131],ea:94:f6:87:ab:aa,-81,13,'(.*)(F|f)reifunk(.*)'
2015-08-11 19:41:12.534,1,GT-P3110,f7f3aa53-a1c4-44d2-91e0-24c2fc0eec1b,51.0764121,13.0119008,302.828645204664,12.0,0.0,0,-1617,Freifunk Dresden [1010],32:b5:c2:ed:86:14,-69,13,'(.*)(F|f)reifunk(.*)'
2015-08-11 19:41:12.541,1,GT-P3110,f7f3aa53-a1c4-44d2-91e0-24c2fc0eec1b,51.0764121,13.0119008,302.828645204664,12.0,0.0,0,-1617,Freifunk Dresden [1131],ea:94:f6:87:ab:aa,-85,13,'(.*)(F|f)reifunk(.*)'
2015-08-11 19:41:15.550,1,GT-P3110,f7f3aa53-a1c4-44d2-91e0-24c2fc0eec1b,51.0764121,13.0119008,302.74831282612297,12.0,0.0,0,-1650,Freifunk Dresden [1010],32:b5:c2:ed:86:14,-63,13,'(.*)(F|f)reifunk(.*)'
2015-08-11 19:41:15.554,1,GT-P3110,f7f3aa53-a1c4-44d2-91e0-24c2fc0eec1b,51.0764121,13.0119008,302.74831282612297,12.0,0.0,0,-1650,Freifunk Dresden [1131],ea:94:f6:87:ab:aa,-84,13,'(.*)(F|f)reifunk(.*)'
2015-08-11 19:41:18.586,1,GT-P3110,f7f3aa53-a1c4-44d2-91e0-24c2fc0eec1b,51.0764121,13.0119008,302.6409534195347,12.0,0.0,0,-682,Freifunk Dresden [1010],32:b5:c2:ed:86:14,-70,13,'(.*)(F|f)reifunk(.*)'
2015-08-11 19:41:18.596,1,GT-P3110,f7f3aa53-a1c4-44d2-91e0-24c2fc0eec1b,51.0764121,13.0119008,302.6409534195347,12.0,0.0,0,-682,Freifunk Dresden [1131],ea:94:f6:87:ab:aa,-84,13,'(.*)(F|f)reifunk(.*)'
2015-08-11 19:41:21.614,1,GT-P3110,f7f3aa53-a1c4-44d2-91e0-24c2fc0eec1b,51.0764121,13.0119008,302.58031176383844,12.0,0.0,0,-1692,Freifunk Dresden [1010],32:b5:c2:ed:86:14,-63,13,'(.*)(F|f)reifunk(.*)'
2015-08-11 19:41:21.620,1,GT-P3110,f7f3aa53-a1c4-44d2-91e0-24c2fc0eec1b,51.0764121,13.0119008,302.58031176383844,12.0,0.0,0,-1692,Freifunk Dresden [1131],ea:94:f6:87:ab:aa,-78,13,'(.*)(F|f)reifunk(.*)'
2015-08-11 19:41:24.622,1,GT-P3110,f7f3aa53-a1c4-44d2-91e0-24c2fc0eec1b,51.0764121,13.0119008,302.48120009354983,12.0,0.0,0,-1712,Freifunk Dresden [1010],32:b5:c2:ed:86:14,-63,13,'(.*)(F|f)reifunk(.*)'
2015-08-11 19:41:24.628,1,GT-P3110,f7f3aa53-a1c4-44d2-91e0-24c2fc0eec1b,51.0764121,13.0119008,302.48120009354983,12.0,0.0,0,-1712,Freifunk Dresden [1131],ea:94:f6:87:ab:aa,-84,13,'(.*)(F|f)reifunk(.*)'
2015-08-11 19:41:27.631,1,GT-P3110,f7f3aa53-a1c4-44d2-91e0-24c2fc0eec1b,51.0764121,13.0119008,302.3227457168581,16.0,0.0,0,-711,Freifunk Dresden [1010],32:b5:c2:ed:86:14,-68,13,'(.*)(F|f)reifunk(.*)'
2015-08-11 19:41:27.636,1,GT-P3110,f7f3aa53-a1c4-44d2-91e0-24c2fc0eec1b,51.0764121,13.0119008,302.3227457168581,16.0,0.0,0,-711,Freifunk Dresden [1131],ea:94:f6:87:ab:aa,-85,13,'(.*)(F|f)reifunk(.*)'
2015-08-11 19:41:30.641,1,GT-P3110,f7f3aa53-a1c4-44d2-91e0-24c2fc0eec1b,51.0764121,13.0119008,302.2095362695933,8.0,0.0,0,-730,Freifunk Dresden [1010],32:b5:c2:ed:86:14,-64,13,'(.*)(F|f)reifunk(.*)'
2015-08-11 19:41:30.646,1,GT-P3110,f7f3aa53-a1c4-44d2-91e0-24c2fc0eec1b,51.0764121,13.0119008,302.2095362695933,8.0,0.0,0,-730,Freifunk Dresden [1131],ea:94:f6:87:ab:aa,-86,13,'(.*)(F|f)reifunk(.*)'
2015-08-11 19:41:33.647,1,GT-P3110,f7f3aa53-a1c4-44d2-91e0-24c2fc0eec1b,51.0764121,13.0119008,302.13947279938276,8.0,0.0,0,-1719,Freifunk Dresden [1010],32:b5:c2:ed:86:14,-65,13,'(.*)(F|f)reifunk(.*)'
2015-08-11 19:41:33.653,1,GT-P3110,f7f3aa53-a1c4-44d2-91e0-24c2fc0eec1b,51.0764121,13.0119008,302.13947279938276,8.0,0.0,0,-1719,Freifunk Dresden [1131],ea:94:f6:87:ab:aa,-85,13,'(.*)(F|f)reifunk(.*)'
2015-08-11 19:41:36.655,1,GT-P3110,f7f3aa53-a1c4-44d2-91e0-24c2fc0eec1b,51.0764121,13.0119008,302.0475680663337,16.0,0.0,0,-1754,Freifunk Dresden [1010],32:b5:c2:ed:86:14,-66,13,'(.*)(F|f)reifunk(.*)'
2015-08-11 19:41:36.660,1,GT-P3110,f7f3aa53-a1c4-44d2-91e0-24c2fc0eec1b,51.0764121,13.0119008,302.0475680663337,16.0,0.0,0,-1754,Freifunk Dresden [1131],ea:94:f6:87:ab:aa,-85,13,'(.*)(F|f)reifunk(.*)'
2015-08-11 19:41:39.660,1,GT-P3110,f7f3aa53-a1c4-44d2-91e0-24c2fc0eec1b,51.0764121,13.0119008,301.8826938192678,12.0,0.0,0,-745,Freifunk Dresden [1010],32:b5:c2:ed:86:14,-66,13,'(.*)(F|f)reifunk(.*)'
2015-08-11 19:41:39.665,1,GT-P3110,f7f3aa53-a1c4-44d2-91e0-24c2fc0eec1b,51.0764121,13.0119008,301.8826938192678,12.0,0.0,0,-745,Freifunk Dresden [1131],ea:94:f6:87:ab:aa,-86,13,'(.*)(F|f)reifunk(.*)'
2015-08-11 19:41:42.678,1,GT-P3110,f7f3aa53-a1c4-44d2-91e0-24c2fc0eec1b,51.0764121,13.0119008,301.75797059032857,12.0,0.0,0,-755,Freifunk Dresden [1010],32:b5:c2:ed:86:14,-69,13,'(.*)(F|f)reifunk(.*)'
2015-08-11 19:41:42.683,1,GT-P3110,f7f3aa53-a1c4-44d2-91e0-24c2fc0eec1b,51.0764121,13.0119008,301.75797059032857,12.0,0.0,0,-755,Freifunk Dresden [1131],ea:94:f6:87:ab:aa,-81,13,'(.*)(F|f)reifunk(.*)'
2015-08-11 19:41:45.680,1,GT-P3110,f7f3aa53-a1c4-44d2-91e0-24c2fc0eec1b,51.0764121,13.0119008,301.62812584501734,12.0,0.0,0,-774,Freifunk Dresden [1010],32:b5:c2:ed:86:14,-63,13,'(.*)(F|f)reifunk(.*)'
2015-08-11 19:41:45.685,1,GT-P3110,f7f3aa53-a1c4-44d2-91e0-24c2fc0eec1b,51.0764121,13.0119008,301.62812584501734,12.0,0.0,0,-774,Freifunk Dresden [1131],ea:94:f6:87:ab:aa,-79,13,'(.*)(F|f)reifunk(.*)'
2015-08-11 19:41:48.701,1,GT-P3110,f7f3aa53-a1c4-44d2-91e0-24c2fc0eec1b,51.0764121,13.0119008,301.50977460915936,8.0,0.0,0,-803,Freifunk Dresden [1010],32:b5:c2:ed:86:14,-61,13,'(.*)(F|f)reifunk(.*)'
2015-08-11 19:41:48.708,1,GT-P3110,f7f3aa53-a1c4-44d2-91e0-24c2fc0eec1b,51.0764121,13.0119008,301.50977460915936,8.0,0.0,0,-803,Freifunk Dresden [1131],ea:94:f6:87:ab:aa,-86,13,'(.*)(F|f)reifunk(.*)'
2015-08-11 19:41:51.717,1,GT-P3110,f7f3aa53-a1c4-44d2-91e0-24c2fc0eec1b,51.0764121,13.0119008,301.4367525718476,8.0,0.0,0,-1827,Freifunk Dresden [1010],32:b5:c2:ed:86:14,-68,13,'(.*)(F|f)reifunk(.*)'
2015-08-11 19:41:51.724,1,GT-P3110,f7f3aa53-a1c4-44d2-91e0-24c2fc0eec1b,51.0764121,13.0119008,301.4367525718476,8.0,0.0,0,-1827,Freifunk Dresden [1131],ea:94:f6:87:ab:aa,-85,13,'(.*)(F|f)reifunk(.*)'
2015-08-11 19:41:54.737,1,GT-P3110,f7f3aa53-a1c4-44d2-91e0-24c2fc0eec1b,51.0764121,13.0119008,301.3425415772661,8.0,0.0,0,-1786,Freifunk Dresden [1010],32:b5:c2:ed:86:14,-57,13,'(.*)(F|f)reifunk(.*)'
2015-08-11 19:41:54.744,1,GT-P3110,f7f3aa53-a1c4-44d2-91e0-24c2fc0eec1b,51.0764121,13.0119008,301.3425415772661,8.0,0.0,0,-1786,Freifunk Dresden [1131],ea:94:f6:87:ab:aa,-73,13,'(.*)(F|f)reifunk(.*)'
2015-08-11 19:41:57.821,1,GT-P3110,f7f3aa53-a1c4-44d2-91e0-24c2fc0eec1b,51.0764121,13.0119008,301.1024685720513,12.0,0.0,0,-896,Freifunk Dresden [1010],32:b5:c2:ed:86:14,-81,13,'(.*)(F|f)reifunk(.*)'
2015-08-11 19:41:57.825,1,GT-P3110,f7f3aa53-a1c4-44d2-91e0-24c2fc0eec1b,51.0764121,13.0119008,301.1024685720513,12.0,0.0,0,-896,Freifunk Dresden [1131],ea:94:f6:87:ab:aa,-89,13,'(.*)(F|f)reifunk(.*)'
2015-08-11 19:42:01.017,1,GT-P3110,f7f3aa53-a1c4-44d2-91e0-24c2fc0eec1b,51.0764121,13.0119008,301.0572971481742,16.0,0.0,0,-1131,Freifunk Dresden [1010],32:b5:c2:ed:86:14,-80,13,'(.*)(F|f)reifunk(.*)'
2015-08-11 19:42:01.019,1,GT-P3110,f7f3aa53-a1c4-44d2-91e0-24c2fc0eec1b,51.0764121,13.0119008,301.0572971481742,16.0,0.0,0,-1131,Freifunk Dresden [1131],ea:94:f6:87:ab:aa,-89,13,'(.*)(F|f)reifunk(.*)'
2015-08-11 19:42:04.092,1,GT-P3110,f7f3aa53-a1c4-44d2-91e0-24c2fc0eec1b,51.0764121,13.0119008,300.98631344733093,16.0,0.0,0,-216,Freifunk Dresden [1010],32:b5:c2:ed:86:14,-74,13,'(.*)(F|f)reifunk(.*)'
2015-08-11 19:42:04.096,1,GT-P3110,f7f3aa53-a1c4-44d2-91e0-24c2fc0eec1b,51.0764121,13.0119008,300.98631344733093,16.0,0.0,0,-216,Freifunk Dresden [1131],ea:94:f6:87:ab:aa,-88,13,'(.*)(F|f)reifunk(.*)'
2015-08-11 19:42:07.262,1,GT-P3110,f7f3aa53-a1c4-44d2-91e0-24c2fc0eec1b,51.0764121,13.0119008,300.95369988442593,8.0,0.0,0,-396,Freifunk Dresden [1010],32:b5:c2:ed:86:14,-87,13,'(.*)(F|f)reifunk(.*)'
2015-08-11 19:42:07.264,1,GT-P3110,f7f3aa53-a1c4-44d2-91e0-24c2fc0eec1b,51.0764121,13.0119008,300.95369988442593,8.0,0.0,0,-396,Freifunk Dresden [1131],ea:94:f6:87:ab:aa,-95,13,'(.*)(F|f)reifunk(.*)'
2015-08-11 19:42:10.275,1,GT-P3110,f7f3aa53-a1c4-44d2-91e0-24c2fc0eec1b,51.0764121,13.0119008,300.952887586888,8.0,0.0,0,-1400,Freifunk Dresden [1010],32:b5:c2:ed:86:14,-67,13,'(.*)(F|f)reifunk(.*)'
2015-08-11 19:42:10.280,1,GT-P3110,f7f3aa53-a1c4-44d2-91e0-24c2fc0eec1b,51.0764121,13.0119008,300.952887586888,8.0,0.0,0,-1400,Freifunk Dresden [1131],ea:94:f6:87:ab:aa,-80,13,'(.*)(F|f)reifunk(.*)'
2015-08-11 19:42:13.303,1,GT-P3110,f7f3aa53-a1c4-44d2-91e0-24c2fc0eec1b,51.0764121,13.0119008,300.9367620190342,8.0,0.0,0,-1380,Freifunk Dresden [1010],32:b5:c2:ed:86:14,-73,13,'(.*)(F|f)reifunk(.*)'
2015-08-11 19:42:13.307,1,GT-P3110,f7f3aa53-a1c4-44d2-91e0-24c2fc0eec1b,51.0764121,13.0119008,300.9367620190342,8.0,0.0,0,-1380,Freifunk Dresden [1131],ea:94:f6:87:ab:aa,-79,13,'(.*)(F|f)reifunk(.*)'
2015-08-11 19:42:16.323,1,GT-P3110,f7f3aa53-a1c4-44d2-91e0-24c2fc0eec1b,51.0764121,13.0119008,300.9322685910584,12.0,0.0,0,-417,Freifunk Dresden [1010],32:b5:c2:ed:86:14,-78,13,'(.*)(F|f)reifunk(.*)'
2015-08-11 19:42:16.327,1,GT-P3110,f7f3aa53-a1c4-44d2-91e0-24c2fc0eec1b,51.0764121,13.0119008,300.9322685910584,12.0,0.0,0,-417,Freifunk Dresden [1131],ea:94:f6:87:ab:aa,-85,13,'(.*)(F|f)reifunk(.*)'
2015-08-11 19:42:19.409,1,GT-P3110,f7f3aa53-a1c4-44d2-91e0-24c2fc0eec1b,51.0764121,13.0119008,300.9428752187055,8.0,0.0,0,-499,Freifunk Dresden [1010],32:b5:c2:ed:86:14,-81,13,'(.*)(F|f)reifunk(.*)'
2015-08-11 19:42:19.413,1,GT-P3110,f7f3aa53-a1c4-44d2-91e0-24c2fc0eec1b,51.0764121,13.0119008,300.9428752187055,8.0,0.0,0,-499,Freifunk Dresden [1131],ea:94:f6:87:ab:aa,-93,13,'(.*)(F|f)reifunk(.*)'
2015-08-11 19:42:22.545,1,GT-P3110,f7f3aa53-a1c4-44d2-91e0-24c2fc0eec1b,51.0764121,13.0119008,300.86988453826666,8.0,0.0,0,-1622,Freifunk Dresden [1010],32:b5:c2:ed:86:14,-74,13,'(.*)(F|f)reifunk(.*)'
2015-08-11 19:42:22.552,1,GT-P3110,f7f3aa53-a1c4-44d2-91e0-24c2fc0eec1b,51.0764121,13.0119008,300.86988453826666,8.0,0.0,0,-1622,Freifunk Dresden [1131],ea:94:f6:87:ab:aa,-92,13,'(.*)(F|f)reifunk(.*)'
2015-08-11 19:42:25.674,1,GT-P3110,f7f3aa53-a1c4-44d2-91e0-24c2fc0eec1b,51.0764121,13.0119008,300.9931201716949,6.0,0.0,0,-777,Freifunk Dresden [1010],32:b5:c2:ed:86:14,-77,13,'(.*)(F|f)reifunk(.*)'
2015-08-11 19:42:25.680,1,GT-P3110,f7f3aa53-a1c4-44d2-91e0-24c2fc0eec1b,51.0764121,13.0119008,300.9931201716949,6.0,0.0,0,-777,Freifunk Dresden [1131],ea:94:f6:87:ab:aa,-92,13,'(.*)(F|f)reifunk(.*)'
2015-08-11 19:42:28.820,1,GT-P3110,f7f3aa53-a1c4-44d2-91e0-24c2fc0eec1b,51.0764121,13.0119008,301.0948523080051,6.0,0.0,0,-1945,Freifunk Dresden [1010],32:b5:c2:ed:86:14,-86,13,'(.*)(F|f)reifunk(.*)'
2015-08-11 19:42:28.826,1,GT-P3110,f7f3aa53-a1c4-44d2-91e0-24c2fc0eec1b,51.0764121,13.0119008,301.0948523080051,6.0,0.0,0,-1945,Freifunk Dresden [1131],ea:94:f6:87:ab:aa,-97,13,'(.*)(F|f)reifunk(.*)'
2015-08-11 19:42:31.986,1,GT-P3110,f7f3aa53-a1c4-44d2-91e0-24c2fc0eec1b,51.0764121,13.0119008,301.02364170728106,6.0,0.0,0,-1101,Freifunk Dresden [1010],32:b5:c2:ed:86:14,-80,13,'(.*)(F|f)reifunk(.*)'
2015-08-11 19:42:31.991,1,GT-P3110,f7f3aa53-a1c4-44d2-91e0-24c2fc0eec1b,51.0764121,13.0119008,301.02364170728106,6.0,0.0,0,-1101,Freifunk Dresden [1131],ea:94:f6:87:ab:aa,-92,13,'(.*)(F|f)reifunk(.*)'
2015-08-11 19:42:35.075,1,GT-P3110,f7f3aa53-a1c4-44d2-91e0-24c2fc0eec1b,51.0762948,13.0119233,300.9031410245012,8.0,0.0,0,-192,Freifunk Dresden [1010],32:b5:c2:ed:86:14,-89,13,'(.*)(F|f)reifunk(.*)'
2015-08-11 19:42:35.092,1,GT-P3110,f7f3aa53-a1c4-44d2-91e0-24c2fc0eec1b,51.0762948,13.0119233,300.9031410245012,8.0,0.0,0,-192,Freifunk Dresden [1131],ea:94:f6:87:ab:aa,-92,13,'(.*)(F|f)reifunk(.*)'
2015-08-11 19:42:38.115,1,GT-P3110,f7f3aa53-a1c4-44d2-91e0-24c2fc0eec1b,51.0762948,13.0119233,300.931700910154,6.0,0.0,0,-232,Freifunk Dresden [1131],ea:94:f6:87:ab:aa,-87,13,'(.*)(F|f)reifunk(.*)'
2015-08-11 19:42:38.120,1,GT-P3110,f7f3aa53-a1c4-44d2-91e0-24c2fc0eec1b,51.0762948,13.0119233,300.931700910154,6.0,0.0,0,-232,Freifunk Dresden [1010],32:b5:c2:ed:86:14,-91,13,'(.*)(F|f)reifunk(.*)'
2015-08-11 19:42:41.130,1,GT-P3110,f7f3aa53-a1c4-44d2-91e0-24c2fc0eec1b,51.0762948,13.0119233,301.01255003811656,6.0,0.0,0,-249,Freifunk Dresden [1131],ea:94:f6:87:ab:aa,-74,13,'(.*)(F|f)reifunk(.*)'
2015-08-11 19:42:41.135,1,GT-P3110,f7f3aa53-a1c4-44d2-91e0-24c2fc0eec1b,51.0762948,13.0119233,301.01255003811656,6.0,0.0,0,-249,Freifunk Dresden [1010],32:b5:c2:ed:86:14,-94,13,'(.*)(F|f)reifunk(.*)'
2015-08-11 19:42:44.135,1,GT-P3110,f7f3aa53-a1c4-44d2-91e0-24c2fc0eec1b,51.0762948,13.0119233,301.00076959755114,8.0,0.0,0,-245,Freifunk Dresden [1131],ea:94:f6:87:ab:aa,-72,13,'(.*)(F|f)reifunk(.*)'
2015-08-11 19:42:44.143,1,GT-P3110,f7f3aa53-a1c4-44d2-91e0-24c2fc0eec1b,51.0762948,13.0119233,301.00076959755114,8.0,0.0,0,-245,Freifunk Dresden [1010],32:b5:c2:ed:86:14,-91,13,'(.*)(F|f)reifunk(.*)'
2015-08-11 19:42:47.155,1,GT-P3110,f7f3aa53-a1c4-44d2-91e0-24c2fc0eec1b,51.0762948,13.0119233,300.7735604126723,12.0,0.0,0,-272,Freifunk Dresden [1131],ea:94:f6:87:ab:aa,-69,13,'(.*)(F|f)reifunk(.*)'
2015-08-11 19:42:47.162,1,GT-P3110,f7f3aa53-a1c4-44d2-91e0-24c2fc0eec1b,51.0762948,13.0119233,300.7735604126723,12.0,0.0,0,-272,Freifunk Dresden [1010],32:b5:c2:ed:86:14,-86,13,'(.*)(F|f)reifunk(.*)'
2015-08-11 19:42:50.188,1,GT-P3110,f7f3aa53-a1c4-44d2-91e0-24c2fc0eec1b,51.0762417,13.011661,300.6020211434754,12.0,0.0,0,-310,Freifunk Dresden [1131],ea:94:f6:87:ab:aa,-66,13,'(.*)(F|f)reifunk(.*)'
2015-08-11 19:42:50.193,1,GT-P3110,f7f3aa53-a1c4-44d2-91e0-24c2fc0eec1b,51.0762417,13.011661,300.6020211434754,12.0,0.0,0,-310,Freifunk Dresden [1010],32:b5:c2:ed:86:14,-87,13,'(.*)(F|f)reifunk(.*)'
2015-08-11 19:42:53.215,1,GT-P3110,f7f3aa53-a1c4-44d2-91e0-24c2fc0eec1b,51.0761991,13.0115526,300.6188199814509,12.0,0.0,0,-337,Freifunk Dresden [1131],ea:94:f6:87:ab:aa,-61,13,'(.*)(F|f)reifunk(.*)'
2015-08-11 19:42:53.224,1,GT-P3110,f7f3aa53-a1c4-44d2-91e0-24c2fc0eec1b,51.0761991,13.0115526,300.6188199814509,12.0,0.0,0,-337,Freifunk Dresden [1010],32:b5:c2:ed:86:14,-79,13,'(.*)(F|f)reifunk(.*)'
2015-08-11 19:42:56.249,1,GT-P3110,f7f3aa53-a1c4-44d2-91e0-24c2fc0eec1b,51.076199,13.0115524,300.3577291691431,8.0,0.0,0,-353,Freifunk Dresden [1131],ea:94:f6:87:ab:aa,-66,13,'(.*)(F|f)reifunk(.*)'
2015-08-11 19:42:56.255,1,GT-P3110,f7f3aa53-a1c4-44d2-91e0-24c2fc0eec1b,51.076199,13.0115524,300.3577291691431,8.0,0.0,0,-353,Freifunk Dresden [1010],32:b5:c2:ed:86:14,-86,13,'(.*)(F|f)reifunk(.*)'
2015-08-11 19:42:59.261,1,GT-P3110,f7f3aa53-a1c4-44d2-91e0-24c2fc0eec1b,51.0761915,13.011509,300.30289966522287,8.0,0.0,0,-1371,Freifunk Dresden [1131],ea:94:f6:87:ab:aa,-67,13,'(.*)(F|f)reifunk(.*)'
2015-08-11 19:42:59.265,1,GT-P3110,f7f3aa53-a1c4-44d2-91e0-24c2fc0eec1b,51.0761915,13.011509,300.30289966522287,8.0,0.0,0,-1371,Freifunk Dresden [1010],32:b5:c2:ed:86:14,-82,13,'(.*)(F|f)reifunk(.*)'
2015-08-11 19:43:02.276,1,GT-P3110,f7f3aa53-a1c4-44d2-91e0-24c2fc0eec1b,51.0761833,13.011453,300.39565195237145,6.0,0.7949002,0,-397,Freifunk Dresden [1131],ea:94:f6:87:ab:aa,-62,13,'(.*)(F|f)reifunk(.*)'
2015-08-11 19:43:02.281,1,GT-P3110,f7f3aa53-a1c4-44d2-91e0-24c2fc0eec1b,51.0761833,13.011453,300.39565195237145,6.0,0.7949002,0,-397,Freifunk Dresden [1010],32:b5:c2:ed:86:14,-82,13,'(.*)(F|f)reifunk(.*)'
2015-08-11 19:43:05.287,1,GT-P3110,f7f3aa53-a1c4-44d2-91e0-24c2fc0eec1b,51.0761659,13.0114463,300.50391363886496,4.0,0.85114455,0,-1352,Freifunk Dresden [1131],ea:94:f6:87:ab:aa,-68,13,'(.*)(F|f)reifunk(.*)'
2015-08-11 19:43:05.292,1,GT-P3110,f7f3aa53-a1c4-44d2-91e0-24c2fc0eec1b,51.0761659,13.0114463,300.50391363886496,4.0,0.85114455,0,-1352,Freifunk Dresden [1010],32:b5:c2:ed:86:14,-85,13,'(.*)(F|f)reifunk(.*)'
2015-08-11 19:43:08.294,1,GT-P3110,f7f3aa53-a1c4-44d2-91e0-24c2fc0eec1b,51.0761427,13.0114853,300.9487212670596,6.0,0.8606752,0,-407,Freifunk Dresden [1131],ea:94:f6:87:ab:aa,-63,13,'(.*)(F|f)reifunk(.*)'
2015-08-11 19:43:08.297,1,GT-P3110,f7f3aa53-a1c4-44d2-91e0-24c2fc0eec1b,51.0761427,13.0114853,300.9487212670596,6.0,0.8606752,0,-407,Freifunk Dresden [1010],32:b5:c2:ed:86:14,-86,13,'(.*)(F|f)reifunk(.*)'
2015-08-11 19:43:11.332,1,GT-P3110,f7f3aa53-a1c4-44d2-91e0-24c2fc0eec1b,51.0761394,13.0114923,300.97469237408745,6.0,0.41078207,0,-1446,Freifunk Dresden [1131],ea:94:f6:87:ab:aa,-67,13,'(.*)(F|f)reifunk(.*)'
2015-08-11 19:43:11.340,1,GT-P3110,f7f3aa53-a1c4-44d2-91e0-24c2fc0eec1b,51.0761394,13.0114923,300.97469237408745,6.0,0.41078207,0,-1446,Freifunk Dresden [1010],32:b5:c2:ed:86:14,-96,13,'(.*)(F|f)reifunk(.*)'
2015-08-11 19:43:14.330,1,GT-P3110,f7f3aa53-a1c4-44d2-91e0-24c2fc0eec1b,51.0761381,13.0114698,301.1350826986877,8.0,0.57150334,0,-1451,Freifunk Dresden [1131],ea:94:f6:87:ab:aa,-77,13,'(.*)(F|f)reifunk(.*)'
2015-08-11 19:43:14.338,1,GT-P3110,f7f3aa53-a1c4-44d2-91e0-24c2fc0eec1b,51.0761381,13.0114698,301.1350826986877,8.0,0.57150334,0,-1451,Freifunk Dresden [1010],32:b5:c2:ed:86:14,-93,13,'(.*)(F|f)reifunk(.*)'
2015-08-11 19:43:17.349,1,GT-P3110,f7f3aa53-a1c4-44d2-91e0-24c2fc0eec1b,51.0760957,13.0114501,301.30086077703595,6.0,1.1022093,0,-497,Freifunk Dresden [1131],ea:94:f6:87:ab:aa,-75,13,'(.*)(F|f)reifunk(.*)'
2015-08-11 19:43:17.354,1,GT-P3110,f7f3aa53-a1c4-44d2-91e0-24c2fc0eec1b,51.0760957,13.0114501,301.30086077703595,6.0,1.1022093,0,-497,Freifunk Dresden [1010],32:b5:c2:ed:86:14,-97,13,'(.*)(F|f)reifunk(.*)'
2015-08-11 19:43:20.389,1,GT-P3110,f7f3aa53-a1c4-44d2-91e0-24c2fc0eec1b,51.0760638,13.0114299,301.0364336355053,8.0,1.0726846,0,-531,Freifunk Dresden [1131],ea:94:f6:87:ab:aa,-79,13,'(.*)(F|f)reifunk(.*)'
2015-08-11 19:43:20.400,1,GT-P3110,f7f3aa53-a1c4-44d2-91e0-24c2fc0eec1b,51.0760638,13.0114299,301.0364336355053,8.0,1.0726846,0,-531,Freifunk Dresden [1010],32:b5:c2:ed:86:14,-97,13,'(.*)(F|f)reifunk(.*)'
2015-08-11 19:43:23.388,1,GT-P3110,f7f3aa53-a1c4-44d2-91e0-24c2fc0eec1b,51.0760433,13.0114135,300.72788933775496,8.0,1.0107738,0,-534,Freifunk Dresden [1131],ea:94:f6:87:ab:aa,-76,13,'(.*)(F|f)reifunk(.*)'
2015-08-11 19:43:23.394,1,GT-P3110,f7f3aa53-a1c4-44d2-91e0-24c2fc0eec1b,51.0760433,13.0114135,300.72788933775496,8.0,1.0107738,0,-534,Freifunk Dresden [1010],32:b5:c2:ed:86:14,-97,13,'(.*)(F|f)reifunk(.*)'
2015-08-11 19:43:26.394,1,GT-P3110,f7f3aa53-a1c4-44d2-91e0-24c2fc0eec1b,51.0760102,13.0113963,300.6875122140757,8.0,1.0312684,0,-525,Freifunk Dresden [1131],ea:94:f6:87:ab:aa,-79,13,'(.*)(F|f)reifunk(.*)'
2015-08-11 19:43:29.394,1,GT-P3110,f7f3aa53-a1c4-44d2-91e0-24c2fc0eec1b,51.0759664,13.0114126,300.6318187053208,8.0,1.1531715,0,-508,Freifunk Dresden [1131],ea:94:f6:87:ab:aa,-78,13,'(.*)(F|f)reifunk(.*)'
2015-08-11 19:43:32.403,1,GT-P3110,f7f3aa53-a1c4-44d2-91e0-24c2fc0eec1b,51.0759327,13.0114381,300.5206322721113,8.0,1.2079403,0,-442,Freifunk Dresden [1131],ea:94:f6:87:ab:aa,-70,13,'(.*)(F|f)reifunk(.*)'
2015-08-11 19:43:35.404,1,GT-P3110,f7f3aa53-a1c4-44d2-91e0-24c2fc0eec1b,51.0759114,13.01144,300.63154463198543,6.0,1.222662,0,-507,Freifunk Dresden [1131],ea:94:f6:87:ab:aa,-78,13,'(.*)(F|f)reifunk(.*)'
2015-08-11 19:43:38.393,1,GT-P3110,f7f3aa53-a1c4-44d2-91e0-24c2fc0eec1b,51.0758723,13.0114352,300.60136388788493,8.0,1.2950953,0,-540,Freifunk Dresden [1131],ea:94:f6:87:ab:aa,-80,13,'(.*)(F|f)reifunk(.*)'
2015-08-11 19:43:41.385,1,GT-P3110,f7f3aa53-a1c4-44d2-91e0-24c2fc0eec1b,51.0758332,13.0114298,300.57133360390475,6.0,1.2718456,0,-534,Freifunk Dresden [1131],ea:94:f6:87:ab:aa,-78,13,'(.*)(F|f)reifunk(.*)'
2015-08-11 19:43:44.422,1,GT-P3110,f7f3aa53-a1c4-44d2-91e0-24c2fc0eec1b,51.0757894,13.0114159,300.39045220544585,6.0,1.2566847,0,-562,Freifunk Dresden [1131],ea:94:f6:87:ab:aa,-86,13,'(.*)(F|f)reifunk(.*)'
2015-08-11 19:43:47.430,1,GT-P3110,f7f3aa53-a1c4-44d2-91e0-24c2fc0eec1b,51.0757589,13.0114173,300.31951001598696,6.0,1.2816536,0,-1545,Freifunk Dresden [1131],ea:94:f6:87:ab:aa,-79,13,'(.*)(F|f)reifunk(.*)'
2015-08-11 19:43:50.437,1,GT-P3110,f7f3aa53-a1c4-44d2-91e0-24c2fc0eec1b,51.0757175,13.011404,300.53460114491537,8.0,1.1964056,0,-546,Freifunk Dresden [1131],ea:94:f6:87:ab:aa,-80,13,'(.*)(F|f)reifunk(.*)'
2015-08-11 19:43:53.492,1,GT-P3110,f7f3aa53-a1c4-44d2-91e0-24c2fc0eec1b,51.0756979,13.0113774,300.79555641149284,8.0,1.1088475,0,-608,Freifunk Dresden [1131],ea:94:f6:87:ab:aa,-89,13,'(.*)(F|f)reifunk(.*)'
2015-08-11 19:43:56.495,1,GT-P3110,f7f3aa53-a1c4-44d2-91e0-24c2fc0eec1b,51.0756806,13.0113667,300.92968292548136,6.0,1.0755657,0,-592,Freifunk Dresden [1131],ea:94:f6:87:ab:aa,-87,13,'(.*)(F|f)reifunk(.*)'
2015-08-11 19:43:59.510,1,GT-P3110,f7f3aa53-a1c4-44d2-91e0-24c2fc0eec1b,51.0756709,13.0113287,301.08402159976254,8.0,0.96597266,0,-630,Freifunk Dresden [1131],ea:94:f6:87:ab:aa,-84,13,'(.*)(F|f)reifunk(.*)'
2015-08-11 19:44:02.547,1,GT-P3110,f7f3aa53-a1c4-44d2-91e0-24c2fc0eec1b,51.0756671,13.0112619,301.19438710009814,12.0,1.034693,0,-657,Freifunk Dresden [1131],ea:94:f6:87:ab:aa,-89,13,'(.*)(F|f)reifunk(.*)'
2015-08-11 19:44:05.658,1,GT-P3110,f7f3aa53-a1c4-44d2-91e0-24c2fc0eec1b,51.0756614,13.0112118,301.6360444350083,12.0,0.9927079,0,-767,Freifunk Dresden [1131],ea:94:f6:87:ab:aa,-93,13,'(.*)(F|f)reifunk(.*)'
2015-08-11 19:44:08.815,1,GT-P3110,f7f3aa53-a1c4-44d2-91e0-24c2fc0eec1b,51.0756622,13.0111466,301.90574141089246,12.0,0.9784805,0,-923,Freifunk Dresden [1131],ea:94:f6:87:ab:aa,-93,13,'(.*)(F|f)reifunk(.*)'
2015-08-11 19:44:12.089,1,GT-P3110,f7f3aa53-a1c4-44d2-91e0-24c2fc0eec1b,51.0756586,13.0110658,301.69893547348613,12.0,0.35417357,0,-193,Freifunk Dresden [1131],ea:94:f6:87:ab:aa,-95,13,'(.*)(F|f)reifunk(.*)'
2015-08-11 19:44:15.424,1,GT-P3110,f7f3aa53-a1c4-44d2-91e0-24c2fc0eec1b,51.0756596,13.0110187,301.2096623564658,12.0,0.72317415,0,-528,Freifunk Dresden [1131],ea:94:f6:87:ab:aa,-95,13,'(.*)(F|f)reifunk(.*)'
2015-08-11 19:44:18.547,1,GT-P3110,f7f3aa53-a1c4-44d2-91e0-24c2fc0eec1b,51.0756242,13.0109952,300.9204296712177,16.0,1.8044038,0,-600,Freifunk Dresden [1131],ea:94:f6:87:ab:aa,-95,13,'(.*)(F|f)reifunk(.*)'
2015-08-11 19:44:21.898,1,GT-P3110,f7f3aa53-a1c4-44d2-91e0-24c2fc0eec1b,51.0756152,13.0109889,300.74572342792953,12.0,1.4430667,0,-1990,Freifunk Dresden [1131],ea:94:f6:87:ab:aa,-95,13,'(.*)(F|f)reifunk(.*)'
2015-08-11 19:57:37.428,1,GT-P3110,f7f3aa53-a1c4-44d2-91e0-24c2fc0eec1b,51.0759524,13.011384,300.3181853690654,8.0,1.0899149,0,-1486,Freifunk Dresden [1131],ea:94:f6:87:ab:aa,-91,13,'(.*)(F|f)reifunk(.*)'
2015-08-11 19:57:42.293,1,GT-P3110,f7f3aa53-a1c4-44d2-91e0-24c2fc0eec1b,51.0760217,13.0114115,300.0312610637493,6.0,1.2031946,0,-367,Freifunk Dresden [1131],ea:94:f6:87:ab:aa,-86,13,'(.*)(F|f)reifunk(.*)'
2015-08-11 19:57:45.293,1,GT-P3110,f7f3aa53-a1c4-44d2-91e0-24c2fc0eec1b,51.0760449,13.0114262,299.9865785530702,6.0,1.2036147,0,-1354,Freifunk Dresden [1131],ea:94:f6:87:ab:aa,-81,13,'(.*)(F|f)reifunk(.*)'
2015-08-11 19:57:48.274,1,GT-P3110,f7f3aa53-a1c4-44d2-91e0-24c2fc0eec1b,51.0760788,13.0114344,299.99984386380993,6.0,1.1613139,0,-1263,Freifunk Dresden [1131],ea:94:f6:87:ab:aa,-77,13,'(.*)(F|f)reifunk(.*)'
2015-08-11 19:57:51.309,1,GT-P3110,f7f3aa53-a1c4-44d2-91e0-24c2fc0eec1b,51.0761321,13.0114529,299.7917321182248,6.0,1.1884481,0,-374,Freifunk Dresden [1131],ea:94:f6:87:ab:aa,-78,13,'(.*)(F|f)reifunk(.*)'
2015-08-11 19:57:54.298,1,GT-P3110,f7f3aa53-a1c4-44d2-91e0-24c2fc0eec1b,51.0761532,13.0114688,299.6578749271576,6.0,1.1974577,0,-1348,Freifunk Dresden [1131],ea:94:f6:87:ab:aa,-71,13,'(.*)(F|f)reifunk(.*)'
2015-08-11 19:57:54.301,1,GT-P3110,f7f3aa53-a1c4-44d2-91e0-24c2fc0eec1b,51.0761532,13.0114688,299.6578749271576,6.0,1.1974577,0,-1348,Freifunk Dresden [1010],32:b5:c2:ed:86:14,-93,13,'(.*)(F|f)reifunk(.*)'
2015-08-11 19:57:57.291,1,GT-P3110,f7f3aa53-a1c4-44d2-91e0-24c2fc0eec1b,51.0761855,13.0114708,299.56343803195665,8.0,1.1538427,0,-1369,Freifunk Dresden [1131],ea:94:f6:87:ab:aa,-67,13,'(.*)(F|f)reifunk(.*)'
2015-08-11 19:57:57.312,1,GT-P3110,f7f3aa53-a1c4-44d2-91e0-24c2fc0eec1b,51.0761855,13.0114708,299.56343803195665,8.0,1.1538427,0,-1369,Freifunk Dresden [1010],32:b5:c2:ed:86:14,-94,13,'(.*)(F|f)reifunk(.*)'
2015-08-11 19:58:00.323,1,GT-P3110,f7f3aa53-a1c4-44d2-91e0-24c2fc0eec1b,51.0762213,13.0114587,299.2603517896039,6.0,0.7224388,0,-390,Freifunk Dresden [1131],ea:94:f6:87:ab:aa,-63,13,'(.*)(F|f)reifunk(.*)'
2015-08-11 19:58:00.336,1,GT-P3110,f7f3aa53-a1c4-44d2-91e0-24c2fc0eec1b,51.0762213,13.0114587,299.2603517896039,6.0,0.7224388,0,-390,Freifunk Dresden [1010],32:b5:c2:ed:86:14,-93,13,'(.*)(F|f)reifunk(.*)'
2015-08-11 19:58:03.328,1,GT-P3110,f7f3aa53-a1c4-44d2-91e0-24c2fc0eec1b,51.0762528,13.0114516,299.1872780907257,8.0,0.6452232,0,-405,Freifunk Dresden [1131],ea:94:f6:87:ab:aa,-61,13,'(.*)(F|f)reifunk(.*)'
2015-08-11 19:58:03.338,1,GT-P3110,f7f3aa53-a1c4-44d2-91e0-24c2fc0eec1b,51.0762528,13.0114516,299.1872780907257,8.0,0.6452232,0,-405,Freifunk Dresden [1010],32:b5:c2:ed:86:14,-85,13,'(.*)(F|f)reifunk(.*)'
2015-08-11 19:58:06.316,1,GT-P3110,f7f3aa53-a1c4-44d2-91e0-24c2fc0eec1b,51.0762668,13.0114515,299.06278274440547,8.0,0.0,0,-406,Freifunk Dresden [1131],ea:94:f6:87:ab:aa,-62,13,'(.*)(F|f)reifunk(.*)'
2015-08-11 19:58:06.319,1,GT-P3110,f7f3aa53-a1c4-44d2-91e0-24c2fc0eec1b,51.0762668,13.0114515,299.06278274440547,8.0,0.0,0,-406,Freifunk Dresden [1010],32:b5:c2:ed:86:14,-87,13,'(.*)(F|f)reifunk(.*)'
2015-08-11 19:58:09.308,1,GT-P3110,f7f3aa53-a1c4-44d2-91e0-24c2fc0eec1b,51.0762722,13.0114669,299.0338878785586,6.0,0.0,0,-392,Freifunk Dresden [1131],ea:94:f6:87:ab:aa,-54,13,'(.*)(F|f)reifunk(.*)'
2015-08-11 19:58:09.311,1,GT-P3110,f7f3aa53-a1c4-44d2-91e0-24c2fc0eec1b,51.0762722,13.0114669,299.0338878785586,6.0,0.0,0,-392,Freifunk Dresden [1010],32:b5:c2:ed:86:14,-85,13,'(.*)(F|f)reifunk(.*)'
2015-08-11 19:58:12.322,1,GT-P3110,f7f3aa53-a1c4-44d2-91e0-24c2fc0eec1b,51.0762727,13.0114536,299.0074958604137,8.0,0.0,0,-400,Freifunk Dresden [1131],ea:94:f6:87:ab:aa,-57,13,'(.*)(F|f)reifunk(.*)'
2015-08-11 19:58:12.332,1,GT-P3110,f7f3aa53-a1c4-44d2-91e0-24c2fc0eec1b,51.0762727,13.0114536,299.0074958604137,8.0,0.0,0,-400,Freifunk Dresden [1010],32:b5:c2:ed:86:14,-86,13,'(.*)(F|f)reifunk(.*)'
2015-08-11 19:58:15.363,1,GT-P3110,f7f3aa53-a1c4-44d2-91e0-24c2fc0eec1b,51.0762617,13.0114658,299.0095615361283,12.0,0.0,0,-396,Freifunk Dresden [1131],ea:94:f6:87:ab:aa,-57,13,'(.*)(F|f)reifunk(.*)'
2015-08-11 19:58:15.365,1,GT-P3110,f7f3aa53-a1c4-44d2-91e0-24c2fc0eec1b,51.0762617,13.0114658,299.0095615361283,12.0,0.0,0,-396,Freifunk Dresden [1010],32:b5:c2:ed:86:14,-80,13,'(.*)(F|f)reifunk(.*)'
2015-08-11 19:58:18.394,1,GT-P3110,f7f3aa53-a1c4-44d2-91e0-24c2fc0eec1b,51.0762505,13.0114887,299.06918199567514,12.0,0.0,0,-1404,Freifunk Dresden [1131],ea:94:f6:87:ab:aa,-56,13,'(.*)(F|f)reifunk(.*)'
2015-08-11 19:58:18.402,1,GT-P3110,f7f3aa53-a1c4-44d2-91e0-24c2fc0eec1b,51.0762505,13.0114887,299.06918199567514,12.0,0.0,0,-1404,Freifunk Dresden [1010],32:b5:c2:ed:86:14,-76,13,'(.*)(F|f)reifunk(.*)'
2015-08-11 19:58:21.424,1,GT-P3110,f7f3aa53-a1c4-44d2-91e0-24c2fc0eec1b,51.0762494,13.0115362,299.2400192942684,12.0,0.0,0,-496,Freifunk Dresden [1010],32:b5:c2:ed:86:14,-76,13,'(.*)(F|f)reifunk(.*)'
2015-08-11 19:58:21.429,1,GT-P3110,f7f3aa53-a1c4-44d2-91e0-24c2fc0eec1b,51.0762494,13.0115362,299.2400192942684,12.0,0.0,0,-496,Freifunk Dresden [1131],ea:94:f6:87:ab:aa,-79,13,'(.*)(F|f)reifunk(.*)'
2015-08-11 19:58:24.408,1,GT-P3110,f7f3aa53-a1c4-44d2-91e0-24c2fc0eec1b,51.0762545,13.0115516,299.36023188849475,8.0,0.0,0,-504,Freifunk Dresden [1131],ea:94:f6:87:ab:aa,-78,13,'(.*)(F|f)reifunk(.*)'
2015-08-11 19:58:24.410,1,GT-P3110,f7f3aa53-a1c4-44d2-91e0-24c2fc0eec1b,51.0762545,13.0115516,299.36023188849475,8.0,0.0,0,-504,Freifunk Dresden [1010],32:b5:c2:ed:86:14,-97,13,'(.*)(F|f)reifunk(.*)'
2015-08-11 19:58:27.406,1,GT-P3110,f7f3aa53-a1c4-44d2-91e0-24c2fc0eec1b,51.0762579,13.011558,299.50297834372884,16.0,0.0,0,-491,Freifunk Dresden [1131],ea:94:f6:87:ab:aa,-73,13,'(.*)(F|f)reifunk(.*)'
2015-08-11 19:58:27.409,1,GT-P3110,f7f3aa53-a1c4-44d2-91e0-24c2fc0eec1b,51.0762579,13.011558,299.50297834372884,16.0,0.0,0,-491,Freifunk Dresden [1010],32:b5:c2:ed:86:14,-92,13,'(.*)(F|f)reifunk(.*)'
2015-08-11 19:58:30.400,1,GT-P3110,f7f3aa53-a1c4-44d2-91e0-24c2fc0eec1b,51.0762621,13.0115638,299.73245853462646,16.0,0.0,0,-509,Freifunk Dresden [1131],ea:94:f6:87:ab:aa,-74,13,'(.*)(F|f)reifunk(.*)'
2015-08-11 19:58:30.402,1,GT-P3110,f7f3aa53-a1c4-44d2-91e0-24c2fc0eec1b,51.0762621,13.0115638,299.73245853462646,16.0,0.0,0,-509,Freifunk Dresden [1010],32:b5:c2:ed:86:14,-91,13,'(.*)(F|f)reifunk(.*)'
2015-08-11 19:58:33.377,1,GT-P3110,f7f3aa53-a1c4-44d2-91e0-24c2fc0eec1b,51.0762663,13.0115661,299.924799852466,8.0,0.0,0,-1481,Freifunk Dresden [1131],ea:94:f6:87:ab:aa,-66,13,'(.*)(F|f)reifunk(.*)'
2015-08-11 19:58:33.379,1,GT-P3110,f7f3aa53-a1c4-44d2-91e0-24c2fc0eec1b,51.0762663,13.0115661,299.924799852466,8.0,0.0,0,-1481,Freifunk Dresden [1010],32:b5:c2:ed:86:14,-87,13,'(.*)(F|f)reifunk(.*)'
2015-08-11 19:58:36.357,1,GT-P3110,f7f3aa53-a1c4-44d2-91e0-24c2fc0eec1b,51.0762732,13.0115669,300.27283396669577,12.0,0.0,0,-478,Freifunk Dresden [1131],ea:94:f6:87:ab:aa,-65,13,'(.*)(F|f)reifunk(.*)'
2015-08-11 19:58:36.366,1,GT-P3110,f7f3aa53-a1c4-44d2-91e0-24c2fc0eec1b,51.0762732,13.0115669,300.27283396669577,12.0,0.0,0,-478,Freifunk Dresden [1010],32:b5:c2:ed:86:14,-86,13,'(.*)(F|f)reifunk(.*)'
2015-08-11 19:58:39.354,1,GT-P3110,f7f3aa53-a1c4-44d2-91e0-24c2fc0eec1b,51.0762737,13.011556,300.4152059692829,12.0,0.0,0,-1433,Freifunk Dresden [1131],ea:94:f6:87:ab:aa,-71,13,'(.*)(F|f)reifunk(.*)'
2015-08-11 19:58:39.356,1,GT-P3110,f7f3aa53-a1c4-44d2-91e0-24c2fc0eec1b,51.0762737,13.011556,300.4152059692829,12.0,0.0,0,-1433,Freifunk Dresden [1010],32:b5:c2:ed:86:14,-89,13,'(.*)(F|f)reifunk(.*)'
2015-08-11 19:58:42.352,1,GT-P3110,f7f3aa53-a1c4-44d2-91e0-24c2fc0eec1b,51.0762742,13.0115458,300.5792331534749,12.0,0.0,0,-1423,Freifunk Dresden [1131],ea:94:f6:87:ab:aa,-66,13,'(.*)(F|f)reifunk(.*)'
2015-08-11 19:58:42.357,1,GT-P3110,f7f3aa53-a1c4-44d2-91e0-24c2fc0eec1b,51.0762742,13.0115458,300.5792331534749,12.0,0.0,0,-1423,Freifunk Dresden [1010],32:b5:c2:ed:86:14,-86,13,'(.*)(F|f)reifunk(.*)'
2015-08-11 19:58:45.372,1,GT-P3110,f7f3aa53-a1c4-44d2-91e0-24c2fc0eec1b,51.0762763,13.0115452,300.73388879307555,6.0,0.0,0,-469,Freifunk Dresden [1131],ea:94:f6:87:ab:aa,-55,13,'(.*)(F|f)reifunk(.*)'
2015-08-11 19:58:45.376,1,GT-P3110,f7f3aa53-a1c4-44d2-91e0-24c2fc0eec1b,51.0762763,13.0115452,300.73388879307555,6.0,0.0,0,-469,Freifunk Dresden [1010],32:b5:c2:ed:86:14,-77,13,'(.*)(F|f)reifunk(.*)'
2015-08-11 19:58:48.450,1,GT-P3110,f7f3aa53-a1c4-44d2-91e0-24c2fc0eec1b,51.0762761,13.011547,301.1053607050401,6.0,0.0,0,-1538,Freifunk Dresden [1131],ea:94:f6:87:ab:aa,-51,13,'(.*)(F|f)reifunk(.*)'
2015-08-11 19:58:48.459,1,GT-P3110,f7f3aa53-a1c4-44d2-91e0-24c2fc0eec1b,51.0762761,13.011547,301.1053607050401,6.0,0.0,0,-1538,Freifunk Dresden [1010],32:b5:c2:ed:86:14,-68,13,'(.*)(F|f)reifunk(.*)'
2015-08-11 19:58:51.532,1,GT-P3110,f7f3aa53-a1c4-44d2-91e0-24c2fc0eec1b,51.0762856,13.0115438,301.5083527974969,4.0,0.5468858,0,-1530,Freifunk Dresden [1131],ea:94:f6:87:ab:aa,-54,13,'(.*)(F|f)reifunk(.*)'
2015-08-11 19:58:51.536,1,GT-P3110,f7f3aa53-a1c4-44d2-91e0-24c2fc0eec1b,51.0762856,13.0115438,301.5083527974969,4.0,0.5468858,0,-1530,Freifunk Dresden [1010],32:b5:c2:ed:86:14,-71,13,'(.*)(F|f)reifunk(.*)'
2015-08-11 19:58:54.552,1,GT-P3110,f7f3aa53-a1c4-44d2-91e0-24c2fc0eec1b,51.0762899,13.0115414,301.9692959791063,6.0,0.3819707,0,-622,Freifunk Dresden [1131],ea:94:f6:87:ab:aa,-74,13,'(.*)(F|f)reifunk(.*)'
2015-08-11 19:58:54.558,1,GT-P3110,f7f3aa53-a1c4-44d2-91e0-24c2fc0eec1b,51.0762899,13.0115414,301.9692959791063,6.0,0.3819707,0,-622,Freifunk Dresden [1010],32:b5:c2:ed:86:14,-80,13,'(.*)(F|f)reifunk(.*)'
2015-08-11 19:58:57.580,1,GT-P3110,f7f3aa53-a1c4-44d2-91e0-24c2fc0eec1b,51.0762972,13.0115359,302.10556299114194,6.0,0.7435481,0,-650,Freifunk Dresden [1131],ea:94:f6:87:ab:aa,-55,13,'(.*)(F|f)reifunk(.*)'
2015-08-11 19:58:57.584,1,GT-P3110,f7f3aa53-a1c4-44d2-91e0-24c2fc0eec1b,51.0762972,13.0115359,302.10556299114194,6.0,0.7435481,0,-650,Freifunk Dresden [1010],32:b5:c2:ed:86:14,-72,13,'(.*)(F|f)reifunk(.*)'
2015-08-11 19:59:00.614,1,GT-P3110,f7f3aa53-a1c4-44d2-91e0-24c2fc0eec1b,51.0763093,13.0115407,302.1610763517055,6.0,0.59450084,0,-1680,Freifunk Dresden [1131],ea:94:f6:87:ab:aa,-55,13,'(.*)(F|f)reifunk(.*)'
2015-08-11 19:59:00.619,1,GT-P3110,f7f3aa53-a1c4-44d2-91e0-24c2fc0eec1b,51.0763093,13.0115407,302.1610763517055,6.0,0.59450084,0,-1680,Freifunk Dresden [1010],32:b5:c2:ed:86:14,-65,13,'(.*)(F|f)reifunk(.*)'
2015-08-11 19:59:03.643,1,GT-P3110,f7f3aa53-a1c4-44d2-91e0-24c2fc0eec1b,51.0763435,13.0115439,302.27275909596887,6.0,0.6893201,0,-1716,Freifunk Dresden [1131],ea:94:f6:87:ab:aa,-60,13,'(.*)(F|f)reifunk(.*)'
2015-08-11 19:59:03.650,1,GT-P3110,f7f3aa53-a1c4-44d2-91e0-24c2fc0eec1b,51.0763435,13.0115439,302.27275909596887,6.0,0.6893201,0,-1716,Freifunk Dresden [1010],32:b5:c2:ed:86:14,-76,13,'(.*)(F|f)reifunk(.*)'
2015-08-11 19:59:06.690,1,GT-P3110,f7f3aa53-a1c4-44d2-91e0-24c2fc0eec1b,51.0763952,13.0115212,302.46210960769304,6.0,0.8315759,0,-770,Freifunk Dresden [1131],ea:94:f6:87:ab:aa,-58,13,'(.*)(F|f)reifunk(.*)'
2015-08-11 19:59:06.697,1,GT-P3110,f7f3aa53-a1c4-44d2-91e0-24c2fc0eec1b,51.0763952,13.0115212,302.46210960769304,6.0,0.8315759,0,-770,Freifunk Dresden [1010],32:b5:c2:ed:86:14,-78,13,'(.*)(F|f)reifunk(.*)'
2015-08-11 19:59:09.703,1,GT-P3110,f7f3aa53-a1c4-44d2-91e0-24c2fc0eec1b,51.076428,13.011523,302.50815028596094,6.0,0.0,0,-768,Freifunk Dresden [1131],ea:94:f6:87:ab:aa,-52,13,'(.*)(F|f)reifunk(.*)'
2015-08-11 19:59:09.707,1,GT-P3110,f7f3aa53-a1c4-44d2-91e0-24c2fc0eec1b,51.076428,13.011523,302.50815028596094,6.0,0.0,0,-768,Freifunk Dresden [1010],32:b5:c2:ed:86:14,-76,13,'(.*)(F|f)reifunk(.*)'
2015-08-11 19:59:12.731,1,GT-P3110,f7f3aa53-a1c4-44d2-91e0-24c2fc0eec1b,51.0764733,13.0115399,302.3048078417019,8.0,0.99506724,0,-799,Freifunk Dresden [1131],ea:94:f6:87:ab:aa,-58,13,'(.*)(F|f)reifunk(.*)'
2015-08-11 19:59:12.740,1,GT-P3110,f7f3aa53-a1c4-44d2-91e0-24c2fc0eec1b,51.0764733,13.0115399,302.3048078417019,8.0,0.99506724,0,-799,Freifunk Dresden [1010],32:b5:c2:ed:86:14,-73,13,'(.*)(F|f)reifunk(.*)'
2015-08-11 19:59:15.780,1,GT-P3110,f7f3aa53-a1c4-44d2-91e0-24c2fc0eec1b,51.0764977,13.0115505,302.14580510465277,6.0,1.0064791,0,-1846,Freifunk Dresden [1131],ea:94:f6:87:ab:aa,-57,13,'(.*)(F|f)reifunk(.*)'
2015-08-11 19:59:15.786,1,GT-P3110,f7f3aa53-a1c4-44d2-91e0-24c2fc0eec1b,51.0764977,13.0115505,302.14580510465277,6.0,1.0064791,0,-1846,Freifunk Dresden [1010],32:b5:c2:ed:86:14,-78,13,'(.*)(F|f)reifunk(.*)'
2015-08-11 19:59:18.804,1,GT-P3110,f7f3aa53-a1c4-44d2-91e0-24c2fc0eec1b,51.07653,13.0115757,301.62678838226276,6.0,1.0129334,0,-868,Freifunk Dresden [1131],ea:94:f6:87:ab:aa,-61,13,'(.*)(F|f)reifunk(.*)'
2015-08-11 19:59:18.808,1,GT-P3110,f7f3aa53-a1c4-44d2-91e0-24c2fc0eec1b,51.07653,13.0115757,301.62678838226276,6.0,1.0129334,0,-868,Freifunk Dresden [1010],32:b5:c2:ed:86:14,-75,13,'(.*)(F|f)reifunk(.*)'
2015-08-11 19:59:21.855,1,GT-P3110,f7f3aa53-a1c4-44d2-91e0-24c2fc0eec1b,51.0765442,13.0115922,301.39413362924665,6.0,1.0007662,0,-1926,Freifunk Dresden [1131],ea:94:f6:87:ab:aa,-54,13,'(.*)(F|f)reifunk(.*)'
2015-08-11 19:59:21.863,1,GT-P3110,f7f3aa53-a1c4-44d2-91e0-24c2fc0eec1b,51.0765442,13.0115922,301.39413362924665,6.0,1.0007662,0,-1926,Freifunk Dresden [1010],32:b5:c2:ed:86:14,-81,13,'(.*)(F|f)reifunk(.*)'
2015-08-11 19:59:24.905,1,GT-P3110,f7f3aa53-a1c4-44d2-91e0-24c2fc0eec1b,51.076589,13.0116146,300.7182810351071,6.0,1.0117201,0,-969,Freifunk Dresden [1131],ea:94:f6:87:ab:aa,-62,13,'(.*)(F|f)reifunk(.*)'
2015-08-11 19:59:24.916,1,GT-P3110,f7f3aa53-a1c4-44d2-91e0-24c2fc0eec1b,51.076589,13.0116146,300.7182810351071,6.0,1.0117201,0,-969,Freifunk Dresden [1010],32:b5:c2:ed:86:14,-85,13,'(.*)(F|f)reifunk(.*)'
2015-08-11 19:59:27.953,1,GT-P3110,f7f3aa53-a1c4-44d2-91e0-24c2fc0eec1b,51.0766111,13.011624,300.09024583843797,8.0,0.95620924,0,-1019,Freifunk Dresden [1131],ea:94:f6:87:ab:aa,-62,13,'(.*)(F|f)reifunk(.*)'
2015-08-11 19:59:27.964,1,GT-P3110,f7f3aa53-a1c4-44d2-91e0-24c2fc0eec1b,51.0766111,13.011624,300.09024583843797,8.0,0.95620924,0,-1019,Freifunk Dresden [1010],32:b5:c2:ed:86:14,-81,13,'(.*)(F|f)reifunk(.*)'
2015-08-11 19:59:30.994,1,GT-P3110,f7f3aa53-a1c4-44d2-91e0-24c2fc0eec1b,51.0766365,13.0116209,299.577828829607,6.0,0.90500623,0,-1056,Freifunk Dresden [1131],ea:94:f6:87:ab:aa,-60,13,'(.*)(F|f)reifunk(.*)'
2015-08-11 19:59:30.999,1,GT-P3110,f7f3aa53-a1c4-44d2-91e0-24c2fc0eec1b,51.0766365,13.0116209,299.577828829607,6.0,0.90500623,0,-1056,Freifunk Dresden [1010],32:b5:c2:ed:86:14,-87,13,'(.*)(F|f)reifunk(.*)'
2015-08-11 19:59:34.010,1,GT-P3110,f7f3aa53-a1c4-44d2-91e0-24c2fc0eec1b,51.0766789,13.0116386,299.11211907704745,6.0,0.9443277,0,-72,Freifunk Dresden [1131],ea:94:f6:87:ab:aa,-60,13,'(.*)(F|f)reifunk(.*)'
2015-08-11 19:59:34.015,1,GT-P3110,f7f3aa53-a1c4-44d2-91e0-24c2fc0eec1b,51.0766789,13.0116386,299.11211907704745,6.0,0.9443277,0,-72,Freifunk Dresden [1010],32:b5:c2:ed:86:14,-91,13,'(.*)(F|f)reifunk(.*)'
2015-08-11 19:59:37.020,1,GT-P3110,f7f3aa53-a1c4-44d2-91e0-24c2fc0eec1b,51.0767196,13.0116475,298.8381858738302,6.0,0.9881461,0,-74,Freifunk Dresden [1131],ea:94:f6:87:ab:aa,-52,13,'(.*)(F|f)reifunk(.*)'
2015-08-11 19:59:37.028,1,GT-P3110,f7f3aa53-a1c4-44d2-91e0-24c2fc0eec1b,51.0767196,13.0116475,298.8381858738302,6.0,0.9881461,0,-74,Freifunk Dresden [1010],32:b5:c2:ed:86:14,-91,13,'(.*)(F|f)reifunk(.*)'
2015-08-11 19:59:40.043,1,GT-P3110,f7f3aa53-a1c4-44d2-91e0-24c2fc0eec1b,51.0767548,13.0116399,298.58653248983734,6.0,0.9776826,0,-103,Freifunk Dresden [1131],ea:94:f6:87:ab:aa,-63,13,'(.*)(F|f)reifunk(.*)'
2015-08-11 19:59:40.060,1,GT-P3110,f7f3aa53-a1c4-44d2-91e0-24c2fc0eec1b,51.0767548,13.0116399,298.58653248983734,6.0,0.9776826,0,-103,Freifunk Dresden [1010],32:b5:c2:ed:86:14,-95,13,'(.*)(F|f)reifunk(.*)'
2015-08-11 19:59:43.075,1,GT-P3110,f7f3aa53-a1c4-44d2-91e0-24c2fc0eec1b,51.0767761,13.0116253,298.2697330988995,6.0,0.9915717,0,-140,Freifunk Dresden [1131],ea:94:f6:87:ab:aa,-66,13,'(.*)(F|f)reifunk(.*)'
2015-08-11 19:59:43.082,1,GT-P3110,f7f3aa53-a1c4-44d2-91e0-24c2fc0eec1b,51.0767761,13.0116253,298.2697330988995,6.0,0.9915717,0,-140,Freifunk Dresden [1010],32:b5:c2:ed:86:14,-94,13,'(.*)(F|f)reifunk(.*)'
2015-08-11 19:59:46.104,1,GT-P3110,f7f3aa53-a1c4-44d2-91e0-24c2fc0eec1b,51.0767947,13.0116157,298.13662088407096,6.0,1.0080329,0,-1177,Freifunk Dresden [1131],ea:94:f6:87:ab:aa,-68,13,'(.*)(F|f)reifunk(.*)'
2015-08-11 19:59:46.111,1,GT-P3110,f7f3aa53-a1c4-44d2-91e0-24c2fc0eec1b,51.0767947,13.0116157,298.13662088407096,6.0,1.0080329,0,-1177,Freifunk Dresden [1010],32:b5:c2:ed:86:14,-94,13,'(.*)(F|f)reifunk(.*)'
2015-08-11 19:59:49.137,1,GT-P3110,f7f3aa53-a1c4-44d2-91e0-24c2fc0eec1b,51.0768382,13.01162,297.7570799082616,6.0,1.0004141,0,-186,Freifunk Dresden [1131],ea:94:f6:87:ab:aa,-68,13,'(.*)(F|f)reifunk(.*)'
2015-08-11 19:59:49.146,1,GT-P3110,f7f3aa53-a1c4-44d2-91e0-24c2fc0eec1b,51.0768382,13.01162,297.7570799082616,6.0,1.0004141,0,-186,Freifunk Dresden [1010],32:b5:c2:ed:86:14,-97,13,'(.*)(F|f)reifunk(.*)'
2015-08-11 19:59:52.160,1,GT-P3110,f7f3aa53-a1c4-44d2-91e0-24c2fc0eec1b,51.0768568,13.0116244,297.5765101466839,6.0,1.0343574,0,-1233,Freifunk Dresden [1131],ea:94:f6:87:ab:aa,-69,13,'(.*)(F|f)reifunk(.*)'
2015-08-11 19:59:52.168,1,GT-P3110,f7f3aa53-a1c4-44d2-91e0-24c2fc0eec1b,51.0768568,13.0116244,297.5765101466839,6.0,1.0343574,0,-1233,Freifunk Dresden [1010],32:b5:c2:ed:86:14,-97,13,'(.*)(F|f)reifunk(.*)'
2015-08-11 19:59:55.180,1,GT-P3110,f7f3aa53-a1c4-44d2-91e0-24c2fc0eec1b,51.0769107,13.011642,297.3235187784139,8.0,1.0890404,0,-238,Freifunk Dresden [1131],ea:94:f6:87:ab:aa,-76,13,'(.*)(F|f)reifunk(.*)'
2015-08-11 19:59:55.189,1,GT-P3110,f7f3aa53-a1c4-44d2-91e0-24c2fc0eec1b,51.0769107,13.011642,297.3235187784139,8.0,1.0890404,0,-238,Freifunk Dresden [1010],32:b5:c2:ed:86:14,-97,13,'(.*)(F|f)reifunk(.*)'
2015-08-11 19:59:58.194,1,GT-P3110,f7f3aa53-a1c4-44d2-91e0-24c2fc0eec1b,51.0769323,13.0116529,297.18624612172283,6.0,1.11883,0,-1261,Freifunk Dresden [1131],ea:94:f6:87:ab:aa,-66,13,'(.*)(F|f)reifunk(.*)'
2015-08-11 20:00:01.190,1,GT-P3110,f7f3aa53-a1c4-44d2-91e0-24c2fc0eec1b,51.0769531,13.0116798,297.1637069481657,6.0,0.0,0,-1255,Freifunk Dresden [1131],ea:94:f6:87:ab:aa,-86,13,'(.*)(F|f)reifunk(.*)'
2015-08-11 20:00:04.316,1,GT-P3110,f7f3aa53-a1c4-44d2-91e0-24c2fc0eec1b,51.0770081,13.0117294,296.9815696629514,6.0,1.1154346,0,-387,Freifunk Dresden [1131],ea:94:f6:87:ab:aa,-96,13,'(.*)(F|f)reifunk(.*)'
2015-08-11 20:00:07.311,1,GT-P3110,f7f3aa53-a1c4-44d2-91e0-24c2fc0eec1b,51.0770275,13.0117531,296.87360583124934,4.0,1.0510106,0,-1386,Freifunk Dresden [1131],ea:94:f6:87:ab:aa,-96,13,'(.*)(F|f)reifunk(.*)'
2015-08-11 20:00:10.324,1,GT-P3110,f7f3aa53-a1c4-44d2-91e0-24c2fc0eec1b,51.0770596,13.0117775,296.7661748808047,4.0,1.0400822,0,-411,Freifunk Dresden [1131],ea:94:f6:87:ab:aa,-96,13,'(.*)(F|f)reifunk(.*)'
2015-08-11 20:00:13.349,1,GT-P3110,f7f3aa53-a1c4-44d2-91e0-24c2fc0eec1b,51.0770861,13.0117826,296.9706301236993,4.0,1.0222318,0,-420,Freifunk Dresden [1131],ea:94:f6:87:ab:aa,-95,13,'(.*)(F|f)reifunk(.*)'
2015-08-11 20:00:16.409,1,GT-P3110,f7f3aa53-a1c4-44d2-91e0-24c2fc0eec1b,51.0771091,13.0117924,297.0283603378832,6.0,1.0294439,0,-1504,Freifunk Dresden [1131],ea:94:f6:87:ab:aa,-97,13,'(.*)(F|f)reifunk(.*)'
2015-08-11 20:00:18.505,1,GT-P3110,f7f3aa53-a1c4-44d2-91e0-24c2fc0eec1b,51.0771358,13.0118166,297.0363105644776,4.0,1.0404365,0,-575,Freifunk Dresden [1131],ea:94:f6:87:ab:aa,-97,13,'(.*)(F|f)reifunk(.*)'
2015-08-11 20:00:20.489,1,GT-P3110,f7f3aa53-a1c4-44d2-91e0-24c2fc0eec1b,51.0771533,13.0118542,296.9266348702846,6.0,1.0388154,0,-592,Freifunk Dresden [1131],ea:94:f6:87:ab:aa,-96,13,'(.*)(F|f)reifunk(.*)'
2015-08-11 20:00:21.537,1,GT-P3110,f7f3aa53-a1c4-44d2-91e0-24c2fc0eec1b,51.0771642,13.0118833,296.8204444717471,6.0,1.0440276,0,-579,Freifunk Dresden [1131],ea:94:f6:87:ab:aa,-97,13,'(.*)(F|f)reifunk(.*)'
2015-08-11 20:00:23.505,1,GT-P3110,f7f3aa53-a1c4-44d2-91e0-24c2fc0eec1b,51.0771754,13.0119319,296.65789639394154,4.0,1.0765846,0,-571,Freifunk Dresden [1131],ea:94:f6:87:ab:aa,-87,13,'(.*)(F|f)reifunk(.*)'
2015-08-11 20:00:24.587,1,GT-P3110,f7f3aa53-a1c4-44d2-91e0-24c2fc0eec1b,51.07718,13.0119506,296.5747591742331,4.0,1.0782273,0,-654,Freifunk Dresden [1131],ea:94:f6:87:ab:aa,-82,13,'(.*)(F|f)reifunk(.*)'
2015-08-11 20:00:25.652,1,GT-P3110,f7f3aa53-a1c4-44d2-91e0-24c2fc0eec1b,51.07718,13.0119506,296.5747591742331,4.0,1.0782273,0,-1720,Freifunk Dresden [1131],ea:94:f6:87:ab:aa,-86,13,'(.*)(F|f)reifunk(.*)'
2015-08-11 20:00:26.592,1,GT-P3110,f7f3aa53-a1c4-44d2-91e0-24c2fc0eec1b,51.0771818,13.0119793,296.5329896603607,6.0,1.0512244,0,-690,Freifunk Dresden [1131],ea:94:f6:87:ab:aa,-89,13,'(.*)(F|f)reifunk(.*)'
2015-08-11 20:00:27.610,1,GT-P3110,f7f3aa53-a1c4-44d2-91e0-24c2fc0eec1b,51.0771774,13.0119979,296.54495883752526,6.0,1.046165,0,-620,Freifunk Dresden [1131],ea:94:f6:87:ab:aa,-87,13,'(.*)(F|f)reifunk(.*)'
2015-08-11 20:00:28.689,1,GT-P3110,f7f3aa53-a1c4-44d2-91e0-24c2fc0eec1b,51.0771774,13.0119979,296.54495883752526,6.0,1.046165,0,-1701,Freifunk Dresden [1131],ea:94:f6:87:ab:aa,-87,13,'(.*)(F|f)reifunk(.*)'
2015-08-11 20:00:30.728,1,GT-P3110,f7f3aa53-a1c4-44d2-91e0-24c2fc0eec1b,51.077164,13.012054,296.6100193861425,4.0,1.0022501,0,-558,Freifunk Dresden [1131],ea:94:f6:87:ab:aa,-86,13,'(.*)(F|f)reifunk(.*)'
2015-08-11 20:00:31.783,1,GT-P3110,f7f3aa53-a1c4-44d2-91e0-24c2fc0eec1b,51.077164,13.012054,296.6100193861425,4.0,1.0022501,0,-1617,Freifunk Dresden [1131],ea:94:f6:87:ab:aa,-95,13,'(.*)(F|f)reifunk(.*)'
2015-08-11 20:00:33.842,1,GT-P3110,f7f3aa53-a1c4-44d2-91e0-24c2fc0eec1b,51.0771517,13.0121308,296.77148958634564,6.0,1.0246927,0,-941,Freifunk Dresden [1131],ea:94:f6:87:ab:aa,-89,13,'(.*)(F|f)reifunk(.*)'
2015-08-11 20:00:34.895,1,GT-P3110,f7f3aa53-a1c4-44d2-91e0-24c2fc0eec1b,51.0771517,13.0121308,296.77148958634564,6.0,1.0246927,0,-1994,Freifunk Dresden [1131],ea:94:f6:87:ab:aa,-92,13,'(.*)(F|f)reifunk(.*)'
2015-08-11 20:00:35.960,1,GT-P3110,f7f3aa53-a1c4-44d2-91e0-24c2fc0eec1b,51.0771472,13.0121647,296.9419008105946,6.0,1.0031724,0,-998,Freifunk Dresden [1131],ea:94:f6:87:ab:aa,-89,13,'(.*)(F|f)reifunk(.*)'
2015-08-11 20:00:38.293,1,GT-P3110,f7f3aa53-a1c4-44d2-91e0-24c2fc0eec1b,51.0771465,13.012197,297.0999446395369,6.0,0.98673093,0,-984,Freifunk Dresden [1131],ea:94:f6:87:ab:aa,-96,13,'(.*)(F|f)reifunk(.*)'
2015-08-11 20:00:40.365,1,GT-P3110,f7f3aa53-a1c4-44d2-91e0-24c2fc0eec1b,51.0771426,13.0122222,297.1886311678519,6.0,0.9706899,0,-1435,Freifunk Dresden [1131],ea:94:f6:87:ab:aa,-96,13,'(.*)(F|f)reifunk(.*)'
2015-08-11 20:00:42.402,1,GT-P3110,f7f3aa53-a1c4-44d2-91e0-24c2fc0eec1b,51.0771207,13.0122543,297.1191498196117,6.0,0.9838023,0,-509,Freifunk Dresden [1131],ea:94:f6:87:ab:aa,-96,13,'(.*)(F|f)reifunk(.*)'
2015-08-11 20:00:43.431,1,GT-P3110,f7f3aa53-a1c4-44d2-91e0-24c2fc0eec1b,51.0771132,13.0122719,297.11051324621525,6.0,0.99957705,0,-522,Freifunk Dresden [1131],ea:94:f6:87:ab:aa,-96,13,'(.*)(F|f)reifunk(.*)'
2015-08-11 20:00:45.507,1,GT-P3110,f7f3aa53-a1c4-44d2-91e0-24c2fc0eec1b,51.0770993,13.0123015,297.09189519992736,12.0,1.0242769,0,-609,Freifunk Dresden [1131],ea:94:f6:87:ab:aa,-96,13,'(.*)(F|f)reifunk(.*)'
2015-08-11 20:00:47.617,1,GT-P3110,f7f3aa53-a1c4-44d2-91e0-24c2fc0eec1b,51.0770991,13.0123122,297.0740000096047,6.0,1.0280119,0,-1718,Freifunk Dresden [1131],ea:94:f6:87:ab:aa,-92,13,'(.*)(F|f)reifunk(.*)'
2015-08-11 20:00:49.751,1,GT-P3110,f7f3aa53-a1c4-44d2-91e0-24c2fc0eec1b,51.0771,13.0123369,297.0590596080785,8.0,1.001743,0,-1856,Freifunk Dresden [1131],ea:94:f6:87:ab:aa,-92,13,'(.*)(F|f)reifunk(.*)'
2015-08-11 20:00:51.956,1,GT-P3110,f7f3aa53-a1c4-44d2-91e0-24c2fc0eec1b,51.0770957,13.0123582,297.12497273943063,6.0,0.9706689,0,-2030,Freifunk Dresden [1131],ea:94:f6:87:ab:aa,-92,13,'(.*)(F|f)reifunk(.*)'
2015-08-11 20:00:54.083,1,GT-P3110,f7f3aa53-a1c4-44d2-91e0-24c2fc0eec1b,51.0770932,13.012438,297.2603503861405,4.0,0.95694816,0,-165,Freifunk Dresden [1131],ea:94:f6:87:ab:aa,-92,13,'(.*)(F|f)reifunk(.*)'
2015-08-11 20:00:56.151,1,GT-P3110,f7f3aa53-a1c4-44d2-91e0-24c2fc0eec1b,51.0770907,13.0124534,297.26150022297105,4.0,0.94766647,0,-1209,Freifunk Dresden [1131],ea:94:f6:87:ab:aa,-92,13,'(.*)(F|f)reifunk(.*)'
2015-08-11 20:00:57.156,1,GT-P3110,f7f3aa53-a1c4-44d2-91e0-24c2fc0eec1b,51.0770771,13.0124909,297.23958045443976,4.0,0.96182823,0,-224,Freifunk Dresden [1131],ea:94:f6:87:ab:aa,-92,13,'(.*)(F|f)reifunk(.*)'
2015-08-11 20:00:58.761,1,GT-P3110,f7f3aa53-a1c4-44d2-91e0-24c2fc0eec1b,51.0770771,13.0124909,297.23958045443976,4.0,0.96182823,0,-1825,Freifunk Dresden [1131],ea:94:f6:87:ab:aa,-92,13,'(.*)(F|f)reifunk(.*)'
2015-08-11 20:01:00.071,1,GT-P3110,f7f3aa53-a1c4-44d2-91e0-24c2fc0eec1b,51.0770644,13.012524,297.2147471232972,4.0,0.9930982,0,-937,Freifunk Dresden [1131],ea:94:f6:87:ab:aa,-92,13,'(.*)(F|f)reifunk(.*)'
2015-08-11 20:03:36.505,1,GT-P3110,f7f3aa53-a1c4-44d2-91e0-24c2fc0eec1b,51.0757833,13.0130164,296.03228780949144,4.0,0.9822303,0,-594,Freifunk Dresden [1010],32:b5:c2:ed:86:14,-95,13,'(.*)(F|f)reifunk(.*)'
2015-08-11 20:03:39.605,1,GT-P3110,f7f3aa53-a1c4-44d2-91e0-24c2fc0eec1b,51.0757668,13.0129864,296.0075657518737,6.0,0.95288205,0,-683,Freifunk Dresden [1010],32:b5:c2:ed:86:14,-96,13,'(.*)(F|f)reifunk(.*)'
2015-08-11 20:03:42.697,1,GT-P3110,f7f3aa53-a1c4-44d2-91e0-24c2fc0eec1b,51.0757668,13.0129614,296.129125500312,6.0,0.8676923,0,-805,Freifunk Dresden [1010],32:b5:c2:ed:86:14,-96,13,'(.*)(F|f)reifunk(.*)'
2015-08-11 20:03:45.697,1,GT-P3110,f7f3aa53-a1c4-44d2-91e0-24c2fc0eec1b,51.0757744,13.0129339,296.1189631603249,4.0,0.32459635,0,-781,Freifunk Dresden [1010],32:b5:c2:ed:86:14,-96,13,'(.*)(F|f)reifunk(.*)'
2015-08-11 20:03:48.795,1,GT-P3110,f7f3aa53-a1c4-44d2-91e0-24c2fc0eec1b,51.07578,13.0129205,296.20603768282484,6.0,0.0,0,-895,Freifunk Dresden [1010],32:b5:c2:ed:86:14,-96,13,'(.*)(F|f)reifunk(.*)'
2015-08-11 20:03:50.817,1,GT-P3110,f7f3aa53-a1c4-44d2-91e0-24c2fc0eec1b,51.0757793,13.0129184,296.2097887849864,6.0,0.0,0,-834,Freifunk Dresden [1010],32:b5:c2:ed:86:14,-96,13,'(.*)(F|f)reifunk(.*)'
2015-08-11 20:06:13.296,1,GT-P3110,f7f3aa53-a1c4-44d2-91e0-24c2fc0eec1b,51.0757392,13.0114018,298.45105276481644,8.0,1.1240188,0,-382,Freifunk Dresden [1131],ea:94:f6:87:ab:aa,-95,13,'(.*)(F|f)reifunk(.*)'
2015-08-11 20:06:14.876,1,GT-P3110,f7f3aa53-a1c4-44d2-91e0-24c2fc0eec1b,51.0757552,13.0114018,298.51273752169317,6.0,1.1357453,0,-924,Freifunk Dresden [1131],ea:94:f6:87:ab:aa,-89,13,'(.*)(F|f)reifunk(.*)'
2015-08-11 20:06:16.398,1,GT-P3110,f7f3aa53-a1c4-44d2-91e0-24c2fc0eec1b,51.0757721,13.0114006,298.54351503415427,12.0,1.1331316,0,-1449,Freifunk Dresden [1131],ea:94:f6:87:ab:aa,-97,13,'(.*)(F|f)reifunk(.*)'
2015-08-11 20:06:18.244,1,GT-P3110,f7f3aa53-a1c4-44d2-91e0-24c2fc0eec1b,51.0757992,13.0114042,298.61281494679287,6.0,1.1424115,0,-1297,Freifunk Dresden [1131],ea:94:f6:87:ab:aa,-97,13,'(.*)(F|f)reifunk(.*)'
2015-08-11 20:06:19.767,1,GT-P3110,f7f3aa53-a1c4-44d2-91e0-24c2fc0eec1b,51.0758202,13.011418,298.74784376109955,6.0,1.1570772,0,-825,Freifunk Dresden [1131],ea:94:f6:87:ab:aa,-98,13,'(.*)(F|f)reifunk(.*)'
2015-08-11 20:06:21.305,1,GT-P3110,f7f3aa53-a1c4-44d2-91e0-24c2fc0eec1b,51.0758422,13.0114264,298.8806009497026,12.0,1.156342,0,-381,Freifunk Dresden [1131],ea:94:f6:87:ab:aa,-98,13,'(.*)(F|f)reifunk(.*)'
2015-08-11 20:06:24.154,1,GT-P3110,f7f3aa53-a1c4-44d2-91e0-24c2fc0eec1b,51.0758789,13.0114389,299.0615468587275,12.0,1.1985842,1,-244,,,,,'(.*)(F|f)reifunk(.*)'
2015-08-11 20:06:27.398,1,GT-P3110,f7f3aa53-a1c4-44d2-91e0-24c2fc0eec1b,51.0759099,13.0114521,299.102937839851,6.0,1.1838248,0,-1445,Freifunk Dresden [1131],ea:94:f6:87:ab:aa,-99,13,'(.*)(F|f)reifunk(.*)'
2015-08-11 20:06:30.418,1,GT-P3110,f7f3aa53-a1c4-44d2-91e0-24c2fc0eec1b,51.0759655,13.011465,298.9865542099191,12.0,1.1969784,0,-486,Freifunk Dresden [1131],ea:94:f6:87:ab:aa,-87,13,'(.*)(F|f)reifunk(.*)'
2015-08-11 20:06:33.442,1,GT-P3110,f7f3aa53-a1c4-44d2-91e0-24c2fc0eec1b,51.0759909,13.0114691,298.8053846070091,12.0,1.1993053,0,-1373,Freifunk Dresden [1131],ea:94:f6:87:ab:aa,-85,13,'(.*)(F|f)reifunk(.*)'
2015-08-11 20:06:36.457,1,GT-P3110,f7f3aa53-a1c4-44d2-91e0-24c2fc0eec1b,51.0760218,13.0114739,298.5594203593326,8.0,1.2132599,0,-1513,Freifunk Dresden [1131],ea:94:f6:87:ab:aa,-82,13,'(.*)(F|f)reifunk(.*)'
2015-08-11 20:06:39.511,1,GT-P3110,f7f3aa53-a1c4-44d2-91e0-24c2fc0eec1b,51.076063,13.0114747,298.52019427558645,4.0,1.1594081,0,-591,Freifunk Dresden [1131],ea:94:f6:87:ab:aa,-81,13,'(.*)(F|f)reifunk(.*)'
2015-08-11 20:06:42.517,1,GT-P3110,f7f3aa53-a1c4-44d2-91e0-24c2fc0eec1b,51.0761021,13.011483,298.6406543294239,6.0,1.1921005,0,-528,Freifunk Dresden [1131],ea:94:f6:87:ab:aa,-78,13,'(.*)(F|f)reifunk(.*)'
2015-08-11 20:06:45.513,1,GT-P3110,f7f3aa53-a1c4-44d2-91e0-24c2fc0eec1b,51.0761288,13.0114923,298.81096369521987,6.0,1.2076412,0,-1549,Freifunk Dresden [1131],ea:94:f6:87:ab:aa,-75,13,'(.*)(F|f)reifunk(.*)'
2015-08-11 20:06:48.508,1,GT-P3110,f7f3aa53-a1c4-44d2-91e0-24c2fc0eec1b,51.0761515,13.0114795,299.3207744042666,6.0,1.2056656,0,-597,Freifunk Dresden [1131],ea:94:f6:87:ab:aa,-75,13,'(.*)(F|f)reifunk(.*)'
2015-08-11 20:06:48.513,1,GT-P3110,f7f3aa53-a1c4-44d2-91e0-24c2fc0eec1b,51.0761515,13.0114795,299.3207744042666,6.0,1.2056656,0,-597,Freifunk Dresden [1010],32:b5:c2:ed:86:14,-95,13,'(.*)(F|f)reifunk(.*)'
2015-08-11 20:06:51.509,1,GT-P3110,f7f3aa53-a1c4-44d2-91e0-24c2fc0eec1b,51.0761648,13.0114764,299.4717872213113,6.0,1.1958325,0,-1574,Freifunk Dresden [1131],ea:94:f6:87:ab:aa,-77,13,'(.*)(F|f)reifunk(.*)'
2015-08-11 20:06:51.528,1,GT-P3110,f7f3aa53-a1c4-44d2-91e0-24c2fc0eec1b,51.0761648,13.0114764,299.4717872213113,6.0,1.1958325,0,-1574,Freifunk Dresden [1010],32:b5:c2:ed:86:14,-92,13,'(.*)(F|f)reifunk(.*)'
2015-08-11 20:06:54.522,1,GT-P3110,f7f3aa53-a1c4-44d2-91e0-24c2fc0eec1b,51.0762052,13.0114608,299.7156767140942,6.0,1.1653347,0,-610,Freifunk Dresden [1131],ea:94:f6:87:ab:aa,-72,13,'(.*)(F|f)reifunk(.*)'
2015-08-11 20:06:54.525,1,GT-P3110,f7f3aa53-a1c4-44d2-91e0-24c2fc0eec1b,51.0762052,13.0114608,299.7156767140942,6.0,1.1653347,0,-610,Freifunk Dresden [1010],32:b5:c2:ed:86:14,-92,13,'(.*)(F|f)reifunk(.*)'
2015-08-11 20:06:57.514,1,GT-P3110,f7f3aa53-a1c4-44d2-91e0-24c2fc0eec1b,51.0762287,13.0114558,299.72147433385527,8.0,1.1126415,0,-1604,Freifunk Dresden [1131],ea:94:f6:87:ab:aa,-69,13,'(.*)(F|f)reifunk(.*)'
2015-08-11 20:06:57.517,1,GT-P3110,f7f3aa53-a1c4-44d2-91e0-24c2fc0eec1b,51.0762287,13.0114558,299.72147433385527,8.0,1.1126415,0,-1604,Freifunk Dresden [1010],32:b5:c2:ed:86:14,-89,13,'(.*)(F|f)reifunk(.*)'
2015-08-11 20:07:00.531,1,GT-P3110,f7f3aa53-a1c4-44d2-91e0-24c2fc0eec1b,51.0762698,13.0114566,299.48445305187,6.0,1.0211308,0,-603,Freifunk Dresden [1131],ea:94:f6:87:ab:aa,-63,13,'(.*)(F|f)reifunk(.*)'
2015-08-11 20:07:00.536,1,GT-P3110,f7f3aa53-a1c4-44d2-91e0-24c2fc0eec1b,51.0762698,13.0114566,299.48445305187,6.0,1.0211308,0,-603,Freifunk Dresden [1010],32:b5:c2:ed:86:14,-80,13,'(.*)(F|f)reifunk(.*)'
2015-08-11 20:07:03.566,1,GT-P3110,f7f3aa53-a1c4-44d2-91e0-24c2fc0eec1b,51.0762755,13.0114476,299.3946793278881,6.0,0.40572512,0,-638,Freifunk Dresden [1131],ea:94:f6:87:ab:aa,-66,13,'(.*)(F|f)reifunk(.*)'
2015-08-11 20:07:03.572,1,GT-P3110,f7f3aa53-a1c4-44d2-91e0-24c2fc0eec1b,51.0762755,13.0114476,299.3946793278881,6.0,0.40572512,0,-638,Freifunk Dresden [1010],32:b5:c2:ed:86:14,-88,13,'(.*)(F|f)reifunk(.*)'
2015-08-11 20:07:06.588,1,GT-P3110,f7f3aa53-a1c4-44d2-91e0-24c2fc0eec1b,51.0762757,13.0114506,299.38752068158624,8.0,0.3904612,0,-664,Freifunk Dresden [1131],ea:94:f6:87:ab:aa,-70,13,'(.*)(F|f)reifunk(.*)'
2015-08-11 20:07:06.594,1,GT-P3110,f7f3aa53-a1c4-44d2-91e0-24c2fc0eec1b,51.0762757,13.0114506,299.38752068158624,8.0,0.3904612,0,-664,Freifunk Dresden [1010],32:b5:c2:ed:86:14,-89,13,'(.*)(F|f)reifunk(.*)'
2015-08-11 20:07:09.602,1,GT-P3110,f7f3aa53-a1c4-44d2-91e0-24c2fc0eec1b,51.0762799,13.0115055,299.784493007926,6.0,0.9124265,0,-667,Freifunk Dresden [1131],ea:94:f6:87:ab:aa,-66,13,'(.*)(F|f)reifunk(.*)'
2015-08-11 20:07:09.609,1,GT-P3110,f7f3aa53-a1c4-44d2-91e0-24c2fc0eec1b,51.0762799,13.0115055,299.784493007926,6.0,0.9124265,0,-667,Freifunk Dresden [1010],32:b5:c2:ed:86:14,-89,13,'(.*)(F|f)reifunk(.*)'
2015-08-11 20:07:12.604,1,GT-P3110,f7f3aa53-a1c4-44d2-91e0-24c2fc0eec1b,51.076275,13.0115699,300.1005280578344,6.0,1.1246632,0,-1659,Freifunk Dresden [1131],ea:94:f6:87:ab:aa,-77,13,'(.*)(F|f)reifunk(.*)'
2015-08-11 20:07:12.611,1,GT-P3110,f7f3aa53-a1c4-44d2-91e0-24c2fc0eec1b,51.076275,13.0115699,300.1005280578344,6.0,1.1246632,0,-1659,Freifunk Dresden [1010],32:b5:c2:ed:86:14,-92,13,'(.*)(F|f)reifunk(.*)'
2015-08-11 20:07:15.630,1,GT-P3110,f7f3aa53-a1c4-44d2-91e0-24c2fc0eec1b,51.0762665,13.0116552,300.5603312424224,6.0,0.9821594,0,-697,Freifunk Dresden [1131],ea:94:f6:87:ab:aa,-79,13,'(.*)(F|f)reifunk(.*)'
2015-08-11 20:07:15.636,1,GT-P3110,f7f3aa53-a1c4-44d2-91e0-24c2fc0eec1b,51.0762665,13.0116552,300.5603312424224,6.0,0.9821594,0,-697,Freifunk Dresden [1010],32:b5:c2:ed:86:14,-88,13,'(.*)(F|f)reifunk(.*)'
2015-08-11 20:07:18.651,1,GT-P3110,f7f3aa53-a1c4-44d2-91e0-24c2fc0eec1b,51.0762779,13.0117321,300.40129258783855,6.0,0.33152717,0,-721,Freifunk Dresden [1131],ea:94:f6:87:ab:aa,-86,13,'(.*)(F|f)reifunk(.*)'
2015-08-11 20:07:18.657,1,GT-P3110,f7f3aa53-a1c4-44d2-91e0-24c2fc0eec1b,51.0762779,13.0117321,300.40129258783855,6.0,0.33152717,0,-721,Freifunk Dresden [1010],32:b5:c2:ed:86:14,-91,13,'(.*)(F|f)reifunk(.*)'
2015-08-11 20:07:21.668,1,GT-P3110,f7f3aa53-a1c4-44d2-91e0-24c2fc0eec1b,51.0762815,13.0117738,300.4149570358664,6.0,0.46333322,0,-739,Freifunk Dresden [1131],ea:94:f6:87:ab:aa,-74,13,'(.*)(F|f)reifunk(.*)'
2015-08-11 20:07:21.674,1,GT-P3110,f7f3aa53-a1c4-44d2-91e0-24c2fc0eec1b,51.0762815,13.0117738,300.4149570358664,6.0,0.46333322,0,-739,Freifunk Dresden [1010],32:b5:c2:ed:86:14,-91,13,'(.*)(F|f)reifunk(.*)'
2015-08-11 20:07:24.685,1,GT-P3110,f7f3aa53-a1c4-44d2-91e0-24c2fc0eec1b,51.0762881,13.01179,300.52373038540827,6.0,0.86869895,0,-762,Freifunk Dresden [1131],ea:94:f6:87:ab:aa,-80,13,'(.*)(F|f)reifunk(.*)'
2015-08-11 20:07:24.691,1,GT-P3110,f7f3aa53-a1c4-44d2-91e0-24c2fc0eec1b,51.0762881,13.01179,300.52373038540827,6.0,0.86869895,0,-762,Freifunk Dresden [1010],32:b5:c2:ed:86:14,-93,13,'(.*)(F|f)reifunk(.*)'
2015-08-11 20:07:27.718,1,GT-P3110,f7f3aa53-a1c4-44d2-91e0-24c2fc0eec1b,51.076286,13.0117842,300.3434957071509,4.0,0.75456184,0,-782,Freifunk Dresden [1131],ea:94:f6:87:ab:aa,-88,13,'(.*)(F|f)reifunk(.*)'
2015-08-11 20:07:27.722,1,GT-P3110,f7f3aa53-a1c4-44d2-91e0-24c2fc0eec1b,51.076286,13.0117842,300.3434957071509,4.0,0.75456184,0,-782,Freifunk Dresden [1010],32:b5:c2:ed:86:14,-92,13,'(.*)(F|f)reifunk(.*)'
2015-08-11 20:07:30.754,1,GT-P3110,f7f3aa53-a1c4-44d2-91e0-24c2fc0eec1b,51.0762943,13.0117917,300.0376763987834,4.0,0.711442,0,-823,Freifunk Dresden [1010],32:b5:c2:ed:86:14,-78,13,'(.*)(F|f)reifunk(.*)'
2015-08-11 20:07:30.761,1,GT-P3110,f7f3aa53-a1c4-44d2-91e0-24c2fc0eec1b,51.0762943,13.0117917,300.0376763987834,4.0,0.711442,0,-823,Freifunk Dresden [1131],ea:94:f6:87:ab:aa,-91,13,'(.*)(F|f)reifunk(.*)'
2015-08-11 20:07:33.787,1,GT-P3110,f7f3aa53-a1c4-44d2-91e0-24c2fc0eec1b,51.0763046,13.0117969,299.75481172055146,6.0,0.69058144,0,-861,Freifunk Dresden [1010],32:b5:c2:ed:86:14,-84,13,'(.*)(F|f)reifunk(.*)'
2015-08-11 20:07:33.793,1,GT-P3110,f7f3aa53-a1c4-44d2-91e0-24c2fc0eec1b,51.0763046,13.0117969,299.75481172055146,6.0,0.69058144,0,-861,Freifunk Dresden [1131],ea:94:f6:87:ab:aa,-89,13,'(.*)(F|f)reifunk(.*)'
2015-08-11 20:07:36.812,1,GT-P3110,f7f3aa53-a1c4-44d2-91e0-24c2fc0eec1b,51.0763048,13.0118015,299.65800335307665,8.0,0.0,0,-882,Freifunk Dresden [1010],32:b5:c2:ed:86:14,-86,13,'(.*)(F|f)reifunk(.*)'
2015-08-11 20:07:36.818,1,GT-P3110,f7f3aa53-a1c4-44d2-91e0-24c2fc0eec1b,51.0763048,13.0118015,299.65800335307665,8.0,0.0,0,-882,Freifunk Dresden [1131],ea:94:f6:87:ab:aa,-94,13,'(.*)(F|f)reifunk(.*)'
2015-08-11 20:07:39.858,1,GT-P3110,f7f3aa53-a1c4-44d2-91e0-24c2fc0eec1b,51.0762996,13.0118368,299.8503419108912,12.0,0.7202234,0,-921,Freifunk Dresden [1010],32:b5:c2:ed:86:14,-85,13,'(.*)(F|f)reifunk(.*)'
2015-08-11 20:07:39.864,1,GT-P3110,f7f3aa53-a1c4-44d2-91e0-24c2fc0eec1b,51.0762996,13.0118368,299.8503419108912,12.0,0.7202234,0,-921,Freifunk Dresden [1131],ea:94:f6:87:ab:aa,-96,13,'(.*)(F|f)reifunk(.*)'
2015-08-11 20:07:42.932,1,GT-P3110,f7f3aa53-a1c4-44d2-91e0-24c2fc0eec1b,51.0763086,13.011849,299.95835120931605,8.0,0.0,0,-1001,Freifunk Dresden [1010],32:b5:c2:ed:86:14,-75,13,'(.*)(F|f)reifunk(.*)'
2015-08-11 20:07:42.947,1,GT-P3110,f7f3aa53-a1c4-44d2-91e0-24c2fc0eec1b,51.0763086,13.011849,299.95835120931605,8.0,0.0,0,-1001,Freifunk Dresden [1131],ea:94:f6:87:ab:aa,-96,13,'(.*)(F|f)reifunk(.*)'
2015-08-11 20:07:46.107,1,GT-P3110,f7f3aa53-a1c4-44d2-91e0-24c2fc0eec1b,51.0763215,13.0118442,299.76025968191766,8.0,0.30356672,0,-1173,Freifunk Dresden [1010],32:b5:c2:ed:86:14,-74,13,'(.*)(F|f)reifunk(.*)'
2015-08-11 20:07:46.114,1,GT-P3110,f7f3aa53-a1c4-44d2-91e0-24c2fc0eec1b,51.0763215,13.0118442,299.76025968191766,8.0,0.30356672,0,-1173,Freifunk Dresden [1131],ea:94:f6:87:ab:aa,-96,13,'(.*)(F|f)reifunk(.*)'
2015-08-11 20:07:49.166,1,GT-P3110,f7f3aa53-a1c4-44d2-91e0-24c2fc0eec1b,51.0763286,13.0118586,299.65805251720093,16.0,0.0,0,-232,Freifunk Dresden [1010],32:b5:c2:ed:86:14,-72,13,'(.*)(F|f)reifunk(.*)'
2015-08-11 20:07:49.172,1,GT-P3110,f7f3aa53-a1c4-44d2-91e0-24c2fc0eec1b,51.0763286,13.0118586,299.65805251720093,16.0,0.0,0,-232,Freifunk Dresden [1131],ea:94:f6:87:ab:aa,-96,13,'(.*)(F|f)reifunk(.*)'
2015-08-11 20:07:52.216,1,GT-P3110,f7f3aa53-a1c4-44d2-91e0-24c2fc0eec1b,51.0763343,13.0118753,299.64858743295275,16.0,0.0,0,-291,Freifunk Dresden [1010],32:b5:c2:ed:86:14,-75,13,'(.*)(F|f)reifunk(.*)'
2015-08-11 20:07:52.222,1,GT-P3110,f7f3aa53-a1c4-44d2-91e0-24c2fc0eec1b,51.0763343,13.0118753,299.64858743295275,16.0,0.0,0,-291,Freifunk Dresden [1131],ea:94:f6:87:ab:aa,-96,13,'(.*)(F|f)reifunk(.*)'
2015-08-11 20:07:54.787,1,GT-P3110,f7f3aa53-a1c4-44d2-91e0-24c2fc0eec1b,51.0763358,13.0118801,299.6519435348536,16.0,0.0,0,-1839,Freifunk Dresden [1010],32:b5:c2:ed:86:14,-75,13,'(.*)(F|f)reifunk(.*)'
2015-08-11 20:07:54.810,1,GT-P3110,f7f3aa53-a1c4-44d2-91e0-24c2fc0eec1b,51.0763358,13.0118801,299.6519435348536,16.0,0.0,0,-1839,Freifunk Dresden [1131],ea:94:f6:87:ab:aa,-96,13,'(.*)(F|f)reifunk(.*)'
2015-08-11 20:08:47.277,1,GT-P3110,f7f3aa53-a1c4-44d2-91e0-24c2fc0eec1b,51.0763345,13.0118455,299.5881566199855,24.0,0.0,0,-359,Freifunk Dresden [1010],32:b5:c2:ed:86:14,-88,13,'(.*)(F|f)reifunk(.*)'
2015-08-11 20:08:47.295,1,GT-P3110,f7f3aa53-a1c4-44d2-91e0-24c2fc0eec1b,51.0763345,13.0118455,299.5881566199855,24.0,0.0,0,-359,Freifunk Dresden [1131],ea:94:f6:87:ab:aa,-93,13,'(.*)(F|f)reifunk(.*)'
2015-08-11 20:08:48.802,1,GT-P3110,f7f3aa53-a1c4-44d2-91e0-24c2fc0eec1b,51.0763363,13.0118591,299.75255796516916,16.0,0.43943688,0,-865,Freifunk Dresden [1010],32:b5:c2:ed:86:14,-71,13,'(.*)(F|f)reifunk(.*)'
2015-08-11 20:08:48.814,1,GT-P3110,f7f3aa53-a1c4-44d2-91e0-24c2fc0eec1b,51.0763363,13.0118591,299.75255796516916,16.0,0.43943688,0,-865,Freifunk Dresden [1131],ea:94:f6:87:ab:aa,-87,13,'(.*)(F|f)reifunk(.*)'
2015-08-11 20:08:50.921,1,GT-P3110,f7f3aa53-a1c4-44d2-91e0-24c2fc0eec1b,51.0763447,13.0118551,300.00575424202214,12.0,0.7467547,0,-1018,Freifunk Dresden [1010],32:b5:c2:ed:86:14,-48,13,'(.*)(F|f)reifunk(.*)'
2015-08-11 20:08:50.924,1,GT-P3110,f7f3aa53-a1c4-44d2-91e0-24c2fc0eec1b,51.0763447,13.0118551,300.00575424202214,12.0,0.7467547,0,-1018,Freifunk Dresden [1131],ea:94:f6:87:ab:aa,-67,13,'(.*)(F|f)reifunk(.*)'
2015-08-11 20:08:53.962,1,GT-P3110,f7f3aa53-a1c4-44d2-91e0-24c2fc0eec1b,51.076371,13.0117979,300.26904829085663,8.0,0.67970866,0,-1051,Freifunk Dresden [1010],32:b5:c2:ed:86:14,-62,13,'(.*)(F|f)reifunk(.*)'
2015-08-11 20:08:53.964,1,GT-P3110,f7f3aa53-a1c4-44d2-91e0-24c2fc0eec1b,51.076371,13.0117979,300.26904829085663,8.0,0.67970866,0,-1051,Freifunk Dresden [1131],ea:94:f6:87:ab:aa,-75,13,'(.*)(F|f)reifunk(.*)'
