2015-09-19 19:07:19.679,1,GT-P3110,33a77e8e-9b56-4123-8372-ce3252fbb0ef,51.0763804,13.0116493,284.82122344662605,8.0,0.0,0,-581,waldheim.freifunk.net,fa:1c:68:cb:03:1a,-66,6,'(.*)(F|f)reifunk(.*)'
2015-09-19 19:07:19.709,1,GT-P3110,33a77e8e-9b56-4123-8372-ce3252fbb0ef,51.0763804,13.0116493,284.82122344662605,8.0,0.0,0,-581,waldheim.freifunk.net,ea:96:f7:87:ab:aa,-90,6,'(.*)(F|f)reifunk(.*)'
2015-09-19 19:07:19.713,1,GT-P3110,33a77e8e-9b56-4123-8372-ce3252fbb0ef,51.0763804,13.0116493,284.82122344662605,8.0,0.0,0,-581,waldheim.freifunk.net,32:b7:c3:ed:86:14,-95,6,'(.*)(F|f)reifunk(.*)'
2015-09-19 19:07:22.733,1,GT-P3110,33a77e8e-9b56-4123-8372-ce3252fbb0ef,51.0762707,13.0118258,288.8429749338025,8.0,0.0,0,-650,waldheim.freifunk.net,fa:1c:68:cb:03:1a,-64,6,'(.*)(F|f)reifunk(.*)'
2015-09-19 19:07:22.747,1,GT-P3110,33a77e8e-9b56-4123-8372-ce3252fbb0ef,51.0762707,13.0118258,288.8429749338025,8.0,0.0,0,-650,waldheim.freifunk.net,ea:96:f7:87:ab:aa,-84,6,'(.*)(F|f)reifunk(.*)'
2015-09-19 19:07:22.753,1,GT-P3110,33a77e8e-9b56-4123-8372-ce3252fbb0ef,51.0762707,13.0118258,288.8429749338025,8.0,0.0,0,-650,waldheim.freifunk.net,32:b7:c3:ed:86:14,-94,6,'(.*)(F|f)reifunk(.*)'
2015-09-19 19:07:25.755,1,GT-P3110,33a77e8e-9b56-4123-8372-ce3252fbb0ef,51.0762707,13.0118258,291.87314316887523,8.0,0.0,0,-595,waldheim.freifunk.net,fa:1c:68:cb:03:1a,-66,6,'(.*)(F|f)reifunk(.*)'
2015-09-19 19:07:25.757,1,GT-P3110,33a77e8e-9b56-4123-8372-ce3252fbb0ef,51.0762707,13.0118258,291.87314316887523,8.0,0.0,0,-595,waldheim.freifunk.net,32:b7:c3:ed:86:14,-81,6,'(.*)(F|f)reifunk(.*)'
2015-09-19 19:07:25.759,1,GT-P3110,33a77e8e-9b56-4123-8372-ce3252fbb0ef,51.0762707,13.0118258,291.87314316887523,8.0,0.0,0,-595,waldheim.freifunk.net,ea:96:f7:87:ab:aa,-84,6,'(.*)(F|f)reifunk(.*)'
2015-09-19 19:07:28.765,1,GT-P3110,33a77e8e-9b56-4123-8372-ce3252fbb0ef,51.0762707,13.0118258,291.0485137085499,8.0,0.0,0,-570,waldheim.freifunk.net,fa:1c:68:cb:03:1a,-65,6,'(.*)(F|f)reifunk(.*)'
2015-09-19 19:07:28.769,1,GT-P3110,33a77e8e-9b56-4123-8372-ce3252fbb0ef,51.0762707,13.0118258,291.0485137085499,8.0,0.0,0,-570,waldheim.freifunk.net,32:b7:c3:ed:86:14,-88,6,'(.*)(F|f)reifunk(.*)'
2015-09-19 19:07:31.755,1,GT-P3110,33a77e8e-9b56-4123-8372-ce3252fbb0ef,51.0762707,13.0118258,288.3245718127641,6.0,0.0,0,-565,waldheim.freifunk.net,fa:1c:68:cb:03:1a,-80,6,'(.*)(F|f)reifunk(.*)'
2015-09-19 19:07:31.757,1,GT-P3110,33a77e8e-9b56-4123-8372-ce3252fbb0ef,51.0762707,13.0118258,288.3245718127641,6.0,0.0,0,-565,waldheim.freifunk.net,32:b7:c3:ed:86:14,-92,6,'(.*)(F|f)reifunk(.*)'
2015-09-19 19:07:35.039,1,GT-P3110,33a77e8e-9b56-4123-8372-ce3252fbb0ef,51.0762707,13.0118258,292.7402794063297,6.0,0.0,0,-784,waldheim.freifunk.net,fa:1c:68:cb:03:1a,-92,6,'(.*)(F|f)reifunk(.*)'
2015-09-19 19:07:35.050,1,GT-P3110,33a77e8e-9b56-4123-8372-ce3252fbb0ef,51.0762707,13.0118258,292.7402794063297,6.0,0.0,0,-784,waldheim.freifunk.net,32:b7:c3:ed:86:14,-94,6,'(.*)(F|f)reifunk(.*)'
2015-09-19 19:07:38.300,1,GT-P3110,33a77e8e-9b56-4123-8372-ce3252fbb0ef,51.0762707,13.0118258,292.698730279516,6.0,0.0,0,-134,waldheim.freifunk.net,fa:1c:68:cb:03:1a,-92,6,'(.*)(F|f)reifunk(.*)'
2015-09-19 19:07:38.304,1,GT-P3110,33a77e8e-9b56-4123-8372-ce3252fbb0ef,51.0762707,13.0118258,292.698730279516,6.0,0.0,0,-134,waldheim.freifunk.net,32:b7:c3:ed:86:14,-94,6,'(.*)(F|f)reifunk(.*)'
2015-09-19 19:07:41.478,1,GT-P3110,33a77e8e-9b56-4123-8372-ce3252fbb0ef,51.0762707,13.0118258,294.7875857171,6.0,0.0,0,-290,waldheim.freifunk.net,fa:1c:68:cb:03:1a,-96,6,'(.*)(F|f)reifunk(.*)'
2015-09-19 19:07:41.481,1,GT-P3110,33a77e8e-9b56-4123-8372-ce3252fbb0ef,51.0762707,13.0118258,294.7875857171,6.0,0.0,0,-290,waldheim.freifunk.net,32:b7:c3:ed:86:14,-98,6,'(.*)(F|f)reifunk(.*)'
2015-09-19 19:07:44.561,1,GT-P3110,33a77e8e-9b56-4123-8372-ce3252fbb0ef,51.0762707,13.0118258,295.43139398687435,6.0,0.0,0,-364,waldheim.freifunk.net,32:b7:c3:ed:86:14,-96,6,'(.*)(F|f)reifunk(.*)'
2015-09-19 19:07:44.567,1,GT-P3110,33a77e8e-9b56-4123-8372-ce3252fbb0ef,51.0762707,13.0118258,295.43139398687435,6.0,0.0,0,-364,waldheim.freifunk.net,fa:1c:68:cb:03:1a,-96,6,'(.*)(F|f)reifunk(.*)'
2015-09-19 19:07:46.996,1,GT-P3110,33a77e8e-9b56-4123-8372-ce3252fbb0ef,51.0762707,13.0118258,295.43741733295866,6.0,0.0,0,-830,waldheim.freifunk.net,32:b7:c3:ed:86:14,-96,6,'(.*)(F|f)reifunk(.*)'
2015-09-19 19:07:46.998,1,GT-P3110,33a77e8e-9b56-4123-8372-ce3252fbb0ef,51.0762707,13.0118258,295.43741733295866,6.0,0.0,0,-830,waldheim.freifunk.net,fa:1c:68:cb:03:1a,-96,6,'(.*)(F|f)reifunk(.*)'
2015-09-19 19:07:49.161,1,GT-P3110,33a77e8e-9b56-4123-8372-ce3252fbb0ef,51.0762707,13.0118258,295.4537017472974,6.0,0.0,0,-1005,waldheim.freifunk.net,32:b7:c3:ed:86:14,-96,6,'(.*)(F|f)reifunk(.*)'
2015-09-19 19:07:49.164,1,GT-P3110,33a77e8e-9b56-4123-8372-ce3252fbb0ef,51.0762707,13.0118258,295.4537017472974,6.0,0.0,0,-1005,waldheim.freifunk.net,fa:1c:68:cb:03:1a,-96,6,'(.*)(F|f)reifunk(.*)'
2015-09-19 19:07:51.259,1,GT-P3110,33a77e8e-9b56-4123-8372-ce3252fbb0ef,51.0762707,13.0118258,295.4894474002382,6.0,0.0,0,-72,waldheim.freifunk.net,32:b7:c3:ed:86:14,-94,6,'(.*)(F|f)reifunk(.*)'
2015-09-19 19:07:51.269,1,GT-P3110,33a77e8e-9b56-4123-8372-ce3252fbb0ef,51.0762707,13.0118258,295.4894474002382,6.0,0.0,0,-72,waldheim.freifunk.net,fa:1c:68:cb:03:1a,-96,6,'(.*)(F|f)reifunk(.*)'
2015-09-19 19:07:53.466,1,GT-P3110,33a77e8e-9b56-4123-8372-ce3252fbb0ef,51.0762707,13.0118258,295.5232514181185,6.0,0.0,0,-268,waldheim.freifunk.net,32:b7:c3:ed:86:14,-95,6,'(.*)(F|f)reifunk(.*)'
2015-09-19 19:07:53.472,1,GT-P3110,33a77e8e-9b56-4123-8372-ce3252fbb0ef,51.0762707,13.0118258,295.5232514181185,6.0,0.0,0,-268,waldheim.freifunk.net,fa:1c:68:cb:03:1a,-97,6,'(.*)(F|f)reifunk(.*)'
2015-09-19 19:07:55.488,1,GT-P3110,33a77e8e-9b56-4123-8372-ce3252fbb0ef,51.0762707,13.0118258,295.5609159714857,6.0,0.0,0,-288,waldheim.freifunk.net,32:b7:c3:ed:86:14,-90,6,'(.*)(F|f)reifunk(.*)'
2015-09-19 19:07:55.493,1,GT-P3110,33a77e8e-9b56-4123-8372-ce3252fbb0ef,51.0762707,13.0118258,295.5609159714857,6.0,0.0,0,-288,waldheim.freifunk.net,fa:1c:68:cb:03:1a,-90,6,'(.*)(F|f)reifunk(.*)'
2015-09-19 19:07:56.521,1,GT-P3110,33a77e8e-9b56-4123-8372-ce3252fbb0ef,51.0762707,13.0118258,295.5609159714857,6.0,0.0,0,-1322,waldheim.freifunk.net,fa:1c:68:cb:03:1a,-89,6,'(.*)(F|f)reifunk(.*)'
2015-09-19 19:07:56.526,1,GT-P3110,33a77e8e-9b56-4123-8372-ce3252fbb0ef,51.0762707,13.0118258,295.5609159714857,6.0,0.0,0,-1322,waldheim.freifunk.net,32:b7:c3:ed:86:14,-90,6,'(.*)(F|f)reifunk(.*)'
2015-09-19 19:07:58.783,1,GT-P3110,33a77e8e-9b56-4123-8372-ce3252fbb0ef,51.0762707,13.0118258,295.60548197158306,6.0,0.0,0,-600,waldheim.freifunk.net,fa:1c:68:cb:03:1a,-89,6,'(.*)(F|f)reifunk(.*)'
2015-09-19 19:07:58.797,1,GT-P3110,33a77e8e-9b56-4123-8372-ce3252fbb0ef,51.0762707,13.0118258,295.60548197158306,6.0,0.0,0,-600,waldheim.freifunk.net,32:b7:c3:ed:86:14,-90,6,'(.*)(F|f)reifunk(.*)'
2015-09-19 19:08:00.794,1,GT-P3110,33a77e8e-9b56-4123-8372-ce3252fbb0ef,51.0762707,13.0118258,295.6155986659536,6.0,0.0,0,-1606,waldheim.freifunk.net,fa:1c:68:cb:03:1a,-90,6,'(.*)(F|f)reifunk(.*)'
2015-09-19 19:08:00.807,1,GT-P3110,33a77e8e-9b56-4123-8372-ce3252fbb0ef,51.0762707,13.0118258,295.6155986659536,6.0,0.0,0,-1606,waldheim.freifunk.net,32:b7:c3:ed:86:14,-92,6,'(.*)(F|f)reifunk(.*)'
2015-09-19 19:08:01.895,1,GT-P3110,33a77e8e-9b56-4123-8372-ce3252fbb0ef,51.0762707,13.0118258,295.63390652388273,6.0,0.0,0,-700,waldheim.freifunk.net,fa:1c:68:cb:03:1a,-89,6,'(.*)(F|f)reifunk(.*)'
2015-09-19 19:08:01.906,1,GT-P3110,33a77e8e-9b56-4123-8372-ce3252fbb0ef,51.0762707,13.0118258,295.63390652388273,6.0,0.0,0,-700,waldheim.freifunk.net,32:b7:c3:ed:86:14,-92,6,'(.*)(F|f)reifunk(.*)'
2015-09-19 19:08:03.885,1,GT-P3110,33a77e8e-9b56-4123-8372-ce3252fbb0ef,51.0762707,13.0118258,295.6486718933181,6.0,0.0,0,-640,waldheim.freifunk.net,32:b7:c3:ed:86:14,-92,6,'(.*)(F|f)reifunk(.*)'
2015-09-19 19:08:03.893,1,GT-P3110,33a77e8e-9b56-4123-8372-ce3252fbb0ef,51.0762707,13.0118258,295.6486718933181,6.0,0.0,0,-640,waldheim.freifunk.net,fa:1c:68:cb:03:1a,-92,6,'(.*)(F|f)reifunk(.*)'
2015-09-19 19:08:05.038,1,GT-P3110,33a77e8e-9b56-4123-8372-ce3252fbb0ef,51.0762707,13.0118258,295.6486718933181,6.0,0.0,0,-1794,waldheim.freifunk.net,fa:1c:68:cb:03:1a,-91,6,'(.*)(F|f)reifunk(.*)'
2015-09-19 19:08:05.045,1,GT-P3110,33a77e8e-9b56-4123-8372-ce3252fbb0ef,51.0762707,13.0118258,295.6486718933181,6.0,0.0,0,-1794,waldheim.freifunk.net,32:b7:c3:ed:86:14,-92,6,'(.*)(F|f)reifunk(.*)'
2015-09-19 19:08:06.930,1,GT-P3110,33a77e8e-9b56-4123-8372-ce3252fbb0ef,51.0762707,13.0118258,295.66461571552617,6.0,0.0,0,-739,waldheim.freifunk.net,32:b7:c3:ed:86:14,-90,6,'(.*)(F|f)reifunk(.*)'
2015-09-19 19:08:06.935,1,GT-P3110,33a77e8e-9b56-4123-8372-ce3252fbb0ef,51.0762707,13.0118258,295.66461571552617,6.0,0.0,0,-739,waldheim.freifunk.net,fa:1c:68:cb:03:1a,-90,6,'(.*)(F|f)reifunk(.*)'
2015-09-19 19:08:08.066,1,GT-P3110,33a77e8e-9b56-4123-8372-ce3252fbb0ef,51.0762707,13.0118258,295.66461571552617,6.0,0.0,0,-1875,waldheim.freifunk.net,32:b7:c3:ed:86:14,-91,6,'(.*)(F|f)reifunk(.*)'
2015-09-19 19:08:08.085,1,GT-P3110,33a77e8e-9b56-4123-8372-ce3252fbb0ef,51.0762707,13.0118258,295.66461571552617,6.0,0.0,0,-1875,waldheim.freifunk.net,fa:1c:68:cb:03:1a,-92,6,'(.*)(F|f)reifunk(.*)'
2015-09-19 19:08:09.557,1,GT-P3110,33a77e8e-9b56-4123-8372-ce3252fbb0ef,51.0762707,13.0118258,295.67173451855354,6.0,0.0,0,-1369,waldheim.freifunk.net,32:b7:c3:ed:86:14,-91,6,'(.*)(F|f)reifunk(.*)'
2015-09-19 19:08:09.564,1,GT-P3110,33a77e8e-9b56-4123-8372-ce3252fbb0ef,51.0762707,13.0118258,295.67173451855354,6.0,0.0,0,-1369,waldheim.freifunk.net,fa:1c:68:cb:03:1a,-92,6,'(.*)(F|f)reifunk(.*)'
2015-09-19 19:08:09.687,1,GT-P3110,33a77e8e-9b56-4123-8372-ce3252fbb0ef,51.0762707,13.0118258,295.67173451855354,6.0,0.0,0,-1500,waldheim.freifunk.net,32:b7:c3:ed:86:14,-91,6,'(.*)(F|f)reifunk(.*)'
2015-09-19 19:08:09.718,1,GT-P3110,33a77e8e-9b56-4123-8372-ce3252fbb0ef,51.0762707,13.0118258,295.67173451855354,6.0,0.0,0,-1500,waldheim.freifunk.net,fa:1c:68:cb:03:1a,-92,6,'(.*)(F|f)reifunk(.*)'
2015-09-19 19:08:14.585,1,GT-P3110,33a77e8e-9b56-4123-8372-ce3252fbb0ef,51.0762707,13.0118258,295.67439455531587,6.0,0.0,1,-248,,,,,'(.*)(F|f)reifunk(.*)'
2015-09-19 19:08:16.997,1,GT-P3110,33a77e8e-9b56-4123-8372-ce3252fbb0ef,51.0762707,13.0118258,295.6679536008853,6.0,0.0,0,-796,waldheim.freifunk.net,32:b7:c3:ed:86:14,-93,6,'(.*)(F|f)reifunk(.*)'
2015-09-19 19:08:17.004,1,GT-P3110,33a77e8e-9b56-4123-8372-ce3252fbb0ef,51.0762707,13.0118258,295.6679536008853,6.0,0.0,0,-796,waldheim.freifunk.net,fa:1c:68:cb:03:1a,-95,6,'(.*)(F|f)reifunk(.*)'
2015-09-19 19:08:20.398,1,GT-P3110,33a77e8e-9b56-4123-8372-ce3252fbb0ef,51.0762707,13.0118258,295.6497871361071,4.0,0.0,0,-202,waldheim.freifunk.net,fa:1c:68:cb:03:1a,-91,6,'(.*)(F|f)reifunk(.*)'
2015-09-19 19:08:20.406,1,GT-P3110,33a77e8e-9b56-4123-8372-ce3252fbb0ef,51.0762707,13.0118258,295.6497871361071,4.0,0.0,0,-202,waldheim.freifunk.net,32:b7:c3:ed:86:14,-94,6,'(.*)(F|f)reifunk(.*)'
2015-09-19 19:08:23.570,1,GT-P3110,33a77e8e-9b56-4123-8372-ce3252fbb0ef,51.0762707,13.0118258,295.63143949145,4.0,0.0,0,-345,waldheim.freifunk.net,32:b7:c3:ed:86:14,-79,6,'(.*)(F|f)reifunk(.*)'
2015-09-19 19:08:23.572,1,GT-P3110,33a77e8e-9b56-4123-8372-ce3252fbb0ef,51.0762707,13.0118258,295.63143949145,4.0,0.0,0,-345,waldheim.freifunk.net,fa:1c:68:cb:03:1a,-84,6,'(.*)(F|f)reifunk(.*)'
2015-09-19 19:08:27.057,1,GT-P3110,33a77e8e-9b56-4123-8372-ce3252fbb0ef,51.0762707,13.0118258,295.59672824304073,6.0,0.0,0,-802,waldheim.freifunk.net,fa:1c:68:cb:03:1a,-74,6,'(.*)(F|f)reifunk(.*)'
2015-09-19 19:08:27.098,1,GT-P3110,33a77e8e-9b56-4123-8372-ce3252fbb0ef,51.0762707,13.0118258,295.59672824304073,6.0,0.0,0,-802,waldheim.freifunk.net,32:b7:c3:ed:86:14,-87,6,'(.*)(F|f)reifunk(.*)'
2015-09-19 19:08:28.949,1,GT-P3110,33a77e8e-9b56-4123-8372-ce3252fbb0ef,51.0762707,13.0118258,295.5800972875952,6.0,0.0,0,-1606,waldheim.freifunk.net,fa:1c:68:cb:03:1a,-78,6,'(.*)(F|f)reifunk(.*)'
2015-09-19 19:08:28.951,1,GT-P3110,33a77e8e-9b56-4123-8372-ce3252fbb0ef,51.0762707,13.0118258,295.5800972875952,6.0,0.0,0,-1606,waldheim.freifunk.net,32:b7:c3:ed:86:14,-83,6,'(.*)(F|f)reifunk(.*)'
2015-09-19 19:08:28.955,1,GT-P3110,33a77e8e-9b56-4123-8372-ce3252fbb0ef,51.0762707,13.0118258,295.5800972875952,6.0,0.0,0,-1606,waldheim.freifunk.net,ea:96:f7:87:ab:aa,-100,6,'(.*)(F|f)reifunk(.*)'
2015-09-19 19:08:30.551,1,GT-P3110,33a77e8e-9b56-4123-8372-ce3252fbb0ef,51.0762707,13.0118258,295.54087426919284,4.0,0.0,0,-350,waldheim.freifunk.net,fa:1c:68:cb:03:1a,-79,6,'(.*)(F|f)reifunk(.*)'
2015-09-19 19:08:30.557,1,GT-P3110,33a77e8e-9b56-4123-8372-ce3252fbb0ef,51.0762707,13.0118258,295.54087426919284,4.0,0.0,0,-350,waldheim.freifunk.net,32:b7:c3:ed:86:14,-85,6,'(.*)(F|f)reifunk(.*)'
2015-09-19 19:08:30.561,1,GT-P3110,33a77e8e-9b56-4123-8372-ce3252fbb0ef,51.0762707,13.0118258,295.54087426919284,4.0,0.0,0,-350,waldheim.freifunk.net,ea:96:f7:87:ab:aa,-98,6,'(.*)(F|f)reifunk(.*)'
2015-09-19 19:08:32.149,1,GT-P3110,33a77e8e-9b56-4123-8372-ce3252fbb0ef,51.0762707,13.0118258,295.54087426919284,4.0,0.0,0,-1948,waldheim.freifunk.net,fa:1c:68:cb:03:1a,-77,6,'(.*)(F|f)reifunk(.*)'
2015-09-19 19:08:32.151,1,GT-P3110,33a77e8e-9b56-4123-8372-ce3252fbb0ef,51.0762707,13.0118258,295.54087426919284,4.0,0.0,0,-1948,waldheim.freifunk.net,32:b7:c3:ed:86:14,-84,6,'(.*)(F|f)reifunk(.*)'
2015-09-19 19:08:32.163,1,GT-P3110,33a77e8e-9b56-4123-8372-ce3252fbb0ef,51.0762707,13.0118258,295.54087426919284,4.0,0.0,0,-1948,waldheim.freifunk.net,ea:96:f7:87:ab:aa,-98,6,'(.*)(F|f)reifunk(.*)'
2015-09-19 19:08:33.960,1,GT-P3110,33a77e8e-9b56-4123-8372-ce3252fbb0ef,51.0762707,13.0118258,295.52166122312815,6.0,0.0,0,-1730,waldheim.freifunk.net,fa:1c:68:cb:03:1a,-81,6,'(.*)(F|f)reifunk(.*)'
2015-09-19 19:08:33.961,1,GT-P3110,33a77e8e-9b56-4123-8372-ce3252fbb0ef,51.0762707,13.0118258,295.52166122312815,6.0,0.0,0,-1730,waldheim.freifunk.net,32:b7:c3:ed:86:14,-84,6,'(.*)(F|f)reifunk(.*)'
2015-09-19 19:08:33.963,1,GT-P3110,33a77e8e-9b56-4123-8372-ce3252fbb0ef,51.0762707,13.0118258,295.52166122312815,6.0,0.0,0,-1730,waldheim.freifunk.net,ea:96:f7:87:ab:aa,-98,6,'(.*)(F|f)reifunk(.*)'
2015-09-19 19:08:35.341,1,GT-P3110,33a77e8e-9b56-4123-8372-ce3252fbb0ef,51.0762707,13.0118258,295.50404573758885,6.0,0.0,0,-152,waldheim.freifunk.net,fa:1c:68:cb:03:1a,-78,6,'(.*)(F|f)reifunk(.*)'
2015-09-19 19:08:35.343,1,GT-P3110,33a77e8e-9b56-4123-8372-ce3252fbb0ef,51.0762707,13.0118258,295.50404573758885,6.0,0.0,0,-152,waldheim.freifunk.net,32:b7:c3:ed:86:14,-93,6,'(.*)(F|f)reifunk(.*)'
2015-09-19 19:08:37.164,1,GT-P3110,33a77e8e-9b56-4123-8372-ce3252fbb0ef,51.0762707,13.0118258,295.49972729772946,6.0,0.0,0,-975,waldheim.freifunk.net,fa:1c:68:cb:03:1a,-67,6,'(.*)(F|f)reifunk(.*)'
2015-09-19 19:08:37.170,1,GT-P3110,33a77e8e-9b56-4123-8372-ce3252fbb0ef,51.0762707,13.0118258,295.49972729772946,6.0,0.0,0,-975,waldheim.freifunk.net,32:b7:c3:ed:86:14,-87,6,'(.*)(F|f)reifunk(.*)'
2015-09-19 19:08:37.194,1,GT-P3110,33a77e8e-9b56-4123-8372-ce3252fbb0ef,51.0762707,13.0118258,295.49972729772946,6.0,0.0,0,-975,waldheim.freifunk.net,ea:96:f7:87:ab:aa,-98,6,'(.*)(F|f)reifunk(.*)'
2015-09-19 19:08:38.516,1,GT-P3110,33a77e8e-9b56-4123-8372-ce3252fbb0ef,51.0762707,13.0118258,295.4933218310965,8.0,0.0,0,-1077,waldheim.freifunk.net,fa:1c:68:cb:03:1a,-70,6,'(.*)(F|f)reifunk(.*)'
2015-09-19 19:08:38.526,1,GT-P3110,33a77e8e-9b56-4123-8372-ce3252fbb0ef,51.0762707,13.0118258,295.4933218310965,8.0,0.0,0,-1077,waldheim.freifunk.net,32:b7:c3:ed:86:14,-80,6,'(.*)(F|f)reifunk(.*)'
2015-09-19 19:08:38.528,1,GT-P3110,33a77e8e-9b56-4123-8372-ce3252fbb0ef,51.0762707,13.0118258,295.4933218310965,8.0,0.0,0,-1077,waldheim.freifunk.net,ea:96:f7:87:ab:aa,-98,6,'(.*)(F|f)reifunk(.*)'
2015-09-19 19:08:40.368,1,GT-P3110,33a77e8e-9b56-4123-8372-ce3252fbb0ef,51.0762707,13.0118258,295.50640923944246,6.0,0.0,0,-1203,waldheim.freifunk.net,fa:1c:68:cb:03:1a,-64,6,'(.*)(F|f)reifunk(.*)'
2015-09-19 19:08:40.374,1,GT-P3110,33a77e8e-9b56-4123-8372-ce3252fbb0ef,51.0762707,13.0118258,295.50640923944246,6.0,0.0,0,-1203,waldheim.freifunk.net,32:b7:c3:ed:86:14,-87,6,'(.*)(F|f)reifunk(.*)'
2015-09-19 19:08:40.376,1,GT-P3110,33a77e8e-9b56-4123-8372-ce3252fbb0ef,51.0762707,13.0118258,295.50640923944246,6.0,0.0,0,-1203,waldheim.freifunk.net,ea:96:f7:87:ab:aa,-98,6,'(.*)(F|f)reifunk(.*)'
2015-09-19 19:08:41.695,1,GT-P3110,33a77e8e-9b56-4123-8372-ce3252fbb0ef,51.0762707,13.0118258,295.54250738919063,4.0,0.0,0,-516,waldheim.freifunk.net,fa:1c:68:cb:03:1a,-62,6,'(.*)(F|f)reifunk(.*)'
2015-09-19 19:08:41.697,1,GT-P3110,33a77e8e-9b56-4123-8372-ce3252fbb0ef,51.0762707,13.0118258,295.54250738919063,4.0,0.0,0,-516,waldheim.freifunk.net,32:b7:c3:ed:86:14,-83,6,'(.*)(F|f)reifunk(.*)'
2015-09-19 19:08:41.699,1,GT-P3110,33a77e8e-9b56-4123-8372-ce3252fbb0ef,51.0762707,13.0118258,295.54250738919063,4.0,0.0,0,-516,waldheim.freifunk.net,ea:96:f7:87:ab:aa,-99,6,'(.*)(F|f)reifunk(.*)'
2015-09-19 19:08:43.549,1,GT-P3110,33a77e8e-9b56-4123-8372-ce3252fbb0ef,51.0762707,13.0118258,295.4982818938967,4.0,0.0,0,-383,waldheim.freifunk.net,fa:1c:68:cb:03:1a,-64,6,'(.*)(F|f)reifunk(.*)'
2015-09-19 19:08:43.551,1,GT-P3110,33a77e8e-9b56-4123-8372-ce3252fbb0ef,51.0762707,13.0118258,295.4982818938967,4.0,0.0,0,-383,waldheim.freifunk.net,32:b7:c3:ed:86:14,-85,6,'(.*)(F|f)reifunk(.*)'
2015-09-19 19:08:43.559,1,GT-P3110,33a77e8e-9b56-4123-8372-ce3252fbb0ef,51.0762707,13.0118258,295.4982818938967,4.0,0.0,0,-383,waldheim.freifunk.net,ea:96:f7:87:ab:aa,-99,6,'(.*)(F|f)reifunk(.*)'
2015-09-19 19:08:44.861,1,GT-P3110,33a77e8e-9b56-4123-8372-ce3252fbb0ef,51.0762707,13.0118258,295.4982818938967,4.0,0.0,0,-1695,waldheim.freifunk.net,fa:1c:68:cb:03:1a,-69,6,'(.*)(F|f)reifunk(.*)'
2015-09-19 19:08:44.864,1,GT-P3110,33a77e8e-9b56-4123-8372-ce3252fbb0ef,51.0762707,13.0118258,295.4982818938967,4.0,0.0,0,-1695,waldheim.freifunk.net,32:b7:c3:ed:86:14,-90,6,'(.*)(F|f)reifunk(.*)'
2015-09-19 19:08:44.866,1,GT-P3110,33a77e8e-9b56-4123-8372-ce3252fbb0ef,51.0762707,13.0118258,295.4982818938967,4.0,0.0,0,-1695,waldheim.freifunk.net,ea:96:f7:87:ab:aa,-99,6,'(.*)(F|f)reifunk(.*)'
2015-09-19 19:08:46.732,1,GT-P3110,33a77e8e-9b56-4123-8372-ce3252fbb0ef,51.0762707,13.0118258,295.0806674180842,4.0,0.0,0,-562,waldheim.freifunk.net,fa:1c:68:cb:03:1a,-78,6,'(.*)(F|f)reifunk(.*)'
2015-09-19 19:08:46.734,1,GT-P3110,33a77e8e-9b56-4123-8372-ce3252fbb0ef,51.0762707,13.0118258,295.0806674180842,4.0,0.0,0,-562,waldheim.freifunk.net,32:b7:c3:ed:86:14,-83,6,'(.*)(F|f)reifunk(.*)'
2015-09-19 19:08:48.023,1,GT-P3110,33a77e8e-9b56-4123-8372-ce3252fbb0ef,51.0762707,13.0118258,294.918613034147,4.0,0.0,0,-862,waldheim.freifunk.net,fa:1c:68:cb:03:1a,-80,6,'(.*)(F|f)reifunk(.*)'
2015-09-19 19:08:48.025,1,GT-P3110,33a77e8e-9b56-4123-8372-ce3252fbb0ef,51.0762707,13.0118258,294.918613034147,4.0,0.0,0,-862,waldheim.freifunk.net,32:b7:c3:ed:86:14,-87,6,'(.*)(F|f)reifunk(.*)'
2015-09-19 19:08:49.893,1,GT-P3110,33a77e8e-9b56-4123-8372-ce3252fbb0ef,51.0762707,13.0118258,294.6740826200331,4.0,0.0,0,-731,waldheim.freifunk.net,32:b7:c3:ed:86:14,-83,6,'(.*)(F|f)reifunk(.*)'
2015-09-19 19:08:49.930,1,GT-P3110,33a77e8e-9b56-4123-8372-ce3252fbb0ef,51.0762707,13.0118258,294.6740826200331,4.0,0.0,0,-731,waldheim.freifunk.net,fa:1c:68:cb:03:1a,-84,6,'(.*)(F|f)reifunk(.*)'
2015-09-19 19:08:51.208,1,GT-P3110,33a77e8e-9b56-4123-8372-ce3252fbb0ef,51.0762707,13.0118258,294.6524341676027,4.0,0.0,0,-44,waldheim.freifunk.net,32:b7:c3:ed:86:14,-81,6,'(.*)(F|f)reifunk(.*)'
2015-09-19 19:08:51.210,1,GT-P3110,33a77e8e-9b56-4123-8372-ce3252fbb0ef,51.0762707,13.0118258,294.6524341676027,4.0,0.0,0,-44,waldheim.freifunk.net,fa:1c:68:cb:03:1a,-84,6,'(.*)(F|f)reifunk(.*)'
2015-09-19 19:08:53.093,1,GT-P3110,33a77e8e-9b56-4123-8372-ce3252fbb0ef,51.0762707,13.0118258,294.6524341676027,4.0,0.0,0,-1930,waldheim.freifunk.net,32:b7:c3:ed:86:14,-82,6,'(.*)(F|f)reifunk(.*)'
2015-09-19 19:08:53.095,1,GT-P3110,33a77e8e-9b56-4123-8372-ce3252fbb0ef,51.0762707,13.0118258,294.6524341676027,4.0,0.0,0,-1930,waldheim.freifunk.net,fa:1c:68:cb:03:1a,-82,6,'(.*)(F|f)reifunk(.*)'
2015-09-19 19:08:53.096,1,GT-P3110,33a77e8e-9b56-4123-8372-ce3252fbb0ef,51.0762707,13.0118258,294.6524341676027,4.0,0.0,0,-1930,waldheim.freifunk.net,ea:96:f7:87:ab:aa,-100,6,'(.*)(F|f)reifunk(.*)'
2015-09-19 19:08:54.373,1,GT-P3110,33a77e8e-9b56-4123-8372-ce3252fbb0ef,51.0762707,13.0118258,294.63332426300764,6.0,0.0,0,-1208,waldheim.freifunk.net,fa:1c:68:cb:03:1a,-77,6,'(.*)(F|f)reifunk(.*)'
2015-09-19 19:08:54.374,1,GT-P3110,33a77e8e-9b56-4123-8372-ce3252fbb0ef,51.0762707,13.0118258,294.63332426300764,6.0,0.0,0,-1208,waldheim.freifunk.net,32:b7:c3:ed:86:14,-86,6,'(.*)(F|f)reifunk(.*)'
2015-09-19 19:08:54.376,1,GT-P3110,33a77e8e-9b56-4123-8372-ce3252fbb0ef,51.0762707,13.0118258,294.63332426300764,6.0,0.0,0,-1208,waldheim.freifunk.net,ea:96:f7:87:ab:aa,-102,6,'(.*)(F|f)reifunk(.*)'
2015-09-19 19:08:56.255,1,GT-P3110,33a77e8e-9b56-4123-8372-ce3252fbb0ef,51.0762707,13.0118258,294.5244712447216,6.0,0.0,0,-1083,waldheim.freifunk.net,fa:1c:68:cb:03:1a,-76,6,'(.*)(F|f)reifunk(.*)'
2015-09-19 19:08:56.257,1,GT-P3110,33a77e8e-9b56-4123-8372-ce3252fbb0ef,51.0762707,13.0118258,294.5244712447216,6.0,0.0,0,-1083,waldheim.freifunk.net,32:b7:c3:ed:86:14,-82,6,'(.*)(F|f)reifunk(.*)'
2015-09-19 19:08:56.258,1,GT-P3110,33a77e8e-9b56-4123-8372-ce3252fbb0ef,51.0762707,13.0118258,294.5244712447216,6.0,0.0,0,-1083,waldheim.freifunk.net,ea:96:f7:87:ab:aa,-102,6,'(.*)(F|f)reifunk(.*)'
2015-09-19 19:08:57.530,1,GT-P3110,33a77e8e-9b56-4123-8372-ce3252fbb0ef,51.0762707,13.0118258,294.49146747902773,6.0,0.0,0,-370,waldheim.freifunk.net,fa:1c:68:cb:03:1a,-70,6,'(.*)(F|f)reifunk(.*)'
2015-09-19 19:08:57.532,1,GT-P3110,33a77e8e-9b56-4123-8372-ce3252fbb0ef,51.0762707,13.0118258,294.49146747902773,6.0,0.0,0,-370,waldheim.freifunk.net,32:b7:c3:ed:86:14,-90,6,'(.*)(F|f)reifunk(.*)'
2015-09-19 19:08:57.533,1,GT-P3110,33a77e8e-9b56-4123-8372-ce3252fbb0ef,51.0762707,13.0118258,294.49146747902773,6.0,0.0,0,-370,waldheim.freifunk.net,ea:96:f7:87:ab:aa,-98,6,'(.*)(F|f)reifunk(.*)'
2015-09-19 19:08:59.488,1,GT-P3110,33a77e8e-9b56-4123-8372-ce3252fbb0ef,51.0762707,13.0118258,294.4686093564276,6.0,0.0,0,-267,waldheim.freifunk.net,fa:1c:68:cb:03:1a,-59,6,'(.*)(F|f)reifunk(.*)'
2015-09-19 19:08:59.493,1,GT-P3110,33a77e8e-9b56-4123-8372-ce3252fbb0ef,51.0762707,13.0118258,294.4686093564276,6.0,0.0,0,-267,waldheim.freifunk.net,32:b7:c3:ed:86:14,-91,6,'(.*)(F|f)reifunk(.*)'
2015-09-19 19:08:59.498,1,GT-P3110,33a77e8e-9b56-4123-8372-ce3252fbb0ef,51.0762707,13.0118258,294.4686093564276,6.0,0.0,0,-267,waldheim.freifunk.net,ea:96:f7:87:ab:aa,-98,6,'(.*)(F|f)reifunk(.*)'
2015-09-19 19:09:09.290,1,GT-P3110,33a77e8e-9b56-4123-8372-ce3252fbb0ef,51.0762707,13.0118258,294.5716786276342,4.0,0.0,0,-86,waldheim.freifunk.net,32:b7:c3:ed:86:14,-79,6,'(.*)(F|f)reifunk(.*)'
2015-09-19 19:09:09.294,1,GT-P3110,33a77e8e-9b56-4123-8372-ce3252fbb0ef,51.0762707,13.0118258,294.5716786276342,4.0,0.0,0,-86,waldheim.freifunk.net,ea:96:f7:87:ab:aa,-83,6,'(.*)(F|f)reifunk(.*)'
2015-09-19 19:09:09.301,1,GT-P3110,33a77e8e-9b56-4123-8372-ce3252fbb0ef,51.0762707,13.0118258,294.5716786276342,4.0,0.0,0,-86,waldheim.freifunk.net,fa:1c:68:cb:03:1a,-88,6,'(.*)(F|f)reifunk(.*)'
2015-09-19 19:09:12.311,1,GT-P3110,33a77e8e-9b56-4123-8372-ce3252fbb0ef,51.0762739,13.0117122,294.7946489239466,6.0,1.0826184,0,-1118,waldheim.freifunk.net,32:b7:c3:ed:86:14,-75,6,'(.*)(F|f)reifunk(.*)'
2015-09-19 19:09:12.312,1,GT-P3110,33a77e8e-9b56-4123-8372-ce3252fbb0ef,51.0762739,13.0117122,294.7946489239466,6.0,1.0826184,0,-1118,waldheim.freifunk.net,fa:1c:68:cb:03:1a,-88,6,'(.*)(F|f)reifunk(.*)'
2015-09-19 19:09:12.314,1,GT-P3110,33a77e8e-9b56-4123-8372-ce3252fbb0ef,51.0762739,13.0117122,294.7946489239466,6.0,1.0826184,0,-1118,waldheim.freifunk.net,ea:96:f7:87:ab:aa,-88,6,'(.*)(F|f)reifunk(.*)'
2015-09-19 19:09:15.308,1,GT-P3110,33a77e8e-9b56-4123-8372-ce3252fbb0ef,51.0762739,13.0117122,295.29343708035464,8.0,0.0,0,-126,waldheim.freifunk.net,32:b7:c3:ed:86:14,-67,6,'(.*)(F|f)reifunk(.*)'
2015-09-19 19:09:15.310,1,GT-P3110,33a77e8e-9b56-4123-8372-ce3252fbb0ef,51.0762739,13.0117122,295.29343708035464,8.0,0.0,0,-126,waldheim.freifunk.net,ea:96:f7:87:ab:aa,-84,6,'(.*)(F|f)reifunk(.*)'
2015-09-19 19:09:15.312,1,GT-P3110,33a77e8e-9b56-4123-8372-ce3252fbb0ef,51.0762739,13.0117122,295.29343708035464,8.0,0.0,0,-126,waldheim.freifunk.net,fa:1c:68:cb:03:1a,-91,6,'(.*)(F|f)reifunk(.*)'
2015-09-19 19:09:18.282,1,GT-P3110,33a77e8e-9b56-4123-8372-ce3252fbb0ef,51.0762584,13.0116347,295.50945736952997,4.0,0.0,0,-1085,waldheim.freifunk.net,32:b7:c3:ed:86:14,-61,6,'(.*)(F|f)reifunk(.*)'
2015-09-19 19:09:18.284,1,GT-P3110,33a77e8e-9b56-4123-8372-ce3252fbb0ef,51.0762584,13.0116347,295.50945736952997,4.0,0.0,0,-1085,waldheim.freifunk.net,ea:96:f7:87:ab:aa,-80,6,'(.*)(F|f)reifunk(.*)'
2015-09-19 19:09:18.286,1,GT-P3110,33a77e8e-9b56-4123-8372-ce3252fbb0ef,51.0762584,13.0116347,295.50945736952997,4.0,0.0,0,-1085,waldheim.freifunk.net,fa:1c:68:cb:03:1a,-91,6,'(.*)(F|f)reifunk(.*)'
2015-09-19 19:09:21.284,1,GT-P3110,33a77e8e-9b56-4123-8372-ce3252fbb0ef,51.0762584,13.0116347,295.70535807619166,4.0,0.0,0,-2019,waldheim.freifunk.net,32:b7:c3:ed:86:14,-62,6,'(.*)(F|f)reifunk(.*)'
2015-09-19 19:09:21.286,1,GT-P3110,33a77e8e-9b56-4123-8372-ce3252fbb0ef,51.0762584,13.0116347,295.70535807619166,4.0,0.0,0,-2019,waldheim.freifunk.net,ea:96:f7:87:ab:aa,-88,6,'(.*)(F|f)reifunk(.*)'
2015-09-19 19:09:21.289,1,GT-P3110,33a77e8e-9b56-4123-8372-ce3252fbb0ef,51.0762584,13.0116347,295.70535807619166,4.0,0.0,0,-2019,waldheim.freifunk.net,fa:1c:68:cb:03:1a,-92,6,'(.*)(F|f)reifunk(.*)'
2015-09-19 19:09:24.313,1,GT-P3110,33a77e8e-9b56-4123-8372-ce3252fbb0ef,51.0762506,13.0115653,295.5515308743925,6.0,1.4141951,0,-1118,waldheim.freifunk.net,32:b7:c3:ed:86:14,-57,6,'(.*)(F|f)reifunk(.*)'
2015-09-19 19:09:24.315,1,GT-P3110,33a77e8e-9b56-4123-8372-ce3252fbb0ef,51.0762506,13.0115653,295.5515308743925,6.0,1.4141951,0,-1118,waldheim.freifunk.net,ea:96:f7:87:ab:aa,-87,6,'(.*)(F|f)reifunk(.*)'
2015-09-19 19:09:24.316,1,GT-P3110,33a77e8e-9b56-4123-8372-ce3252fbb0ef,51.0762506,13.0115653,295.5515308743925,6.0,1.4141951,0,-1118,waldheim.freifunk.net,fa:1c:68:cb:03:1a,-92,6,'(.*)(F|f)reifunk(.*)'
2015-09-19 19:09:27.290,1,GT-P3110,33a77e8e-9b56-4123-8372-ce3252fbb0ef,51.0762413,13.0115441,295.5462974982421,6.0,0.0,0,-124,waldheim.freifunk.net,32:b7:c3:ed:86:14,-62,6,'(.*)(F|f)reifunk(.*)'
2015-09-19 19:09:27.292,1,GT-P3110,33a77e8e-9b56-4123-8372-ce3252fbb0ef,51.0762413,13.0115441,295.5462974982421,6.0,0.0,0,-124,waldheim.freifunk.net,ea:96:f7:87:ab:aa,-91,6,'(.*)(F|f)reifunk(.*)'
2015-09-19 19:09:30.301,1,GT-P3110,33a77e8e-9b56-4123-8372-ce3252fbb0ef,51.0762328,13.011513,295.59431682396024,6.0,0.0,0,-111,waldheim.freifunk.net,32:b7:c3:ed:86:14,-57,6,'(.*)(F|f)reifunk(.*)'
2015-09-19 19:09:30.307,1,GT-P3110,33a77e8e-9b56-4123-8372-ce3252fbb0ef,51.0762328,13.011513,295.59431682396024,6.0,0.0,0,-111,waldheim.freifunk.net,ea:96:f7:87:ab:aa,-94,6,'(.*)(F|f)reifunk(.*)'
2015-09-19 19:09:30.310,1,GT-P3110,33a77e8e-9b56-4123-8372-ce3252fbb0ef,51.0762328,13.011513,295.59431682396024,6.0,0.0,0,-111,waldheim.freifunk.net,fa:1c:68:cb:03:1a,-95,6,'(.*)(F|f)reifunk(.*)'
2015-09-19 19:09:33.323,1,GT-P3110,33a77e8e-9b56-4123-8372-ce3252fbb0ef,51.0762328,13.011513,296.02062733712347,6.0,0.0,0,-111,waldheim.freifunk.net,32:b7:c3:ed:86:14,-62,6,'(.*)(F|f)reifunk(.*)'
2015-09-19 19:09:33.333,1,GT-P3110,33a77e8e-9b56-4123-8372-ce3252fbb0ef,51.0762328,13.011513,296.02062733712347,6.0,0.0,0,-111,waldheim.freifunk.net,ea:96:f7:87:ab:aa,-89,6,'(.*)(F|f)reifunk(.*)'
2015-09-19 19:09:33.336,1,GT-P3110,33a77e8e-9b56-4123-8372-ce3252fbb0ef,51.0762328,13.011513,296.02062733712347,6.0,0.0,0,-111,waldheim.freifunk.net,fa:1c:68:cb:03:1a,-95,6,'(.*)(F|f)reifunk(.*)'
2015-09-19 19:09:36.442,1,GT-P3110,33a77e8e-9b56-4123-8372-ce3252fbb0ef,51.0762328,13.011513,296.27313165065095,6.0,0.0,0,-1231,waldheim.freifunk.net,32:b7:c3:ed:86:14,-75,6,'(.*)(F|f)reifunk(.*)'
2015-09-19 19:09:36.447,1,GT-P3110,33a77e8e-9b56-4123-8372-ce3252fbb0ef,51.0762328,13.011513,296.27313165065095,6.0,0.0,0,-1231,waldheim.freifunk.net,ea:96:f7:87:ab:aa,-89,6,'(.*)(F|f)reifunk(.*)'
2015-09-19 19:09:39.531,1,GT-P3110,33a77e8e-9b56-4123-8372-ce3252fbb0ef,51.0762328,13.011513,296.36442842473,4.0,0.0,0,-1322,waldheim.freifunk.net,32:b7:c3:ed:86:14,-66,6,'(.*)(F|f)reifunk(.*)'
2015-09-19 19:09:39.534,1,GT-P3110,33a77e8e-9b56-4123-8372-ce3252fbb0ef,51.0762328,13.011513,296.36442842473,4.0,0.0,0,-1322,waldheim.freifunk.net,fa:1c:68:cb:03:1a,-92,6,'(.*)(F|f)reifunk(.*)'
2015-09-19 19:09:42.559,1,GT-P3110,33a77e8e-9b56-4123-8372-ce3252fbb0ef,51.0762328,13.011513,296.3510769101174,4.0,0.0,0,-1346,waldheim.freifunk.net,32:b7:c3:ed:86:14,-76,6,'(.*)(F|f)reifunk(.*)'
2015-09-19 19:09:42.565,1,GT-P3110,33a77e8e-9b56-4123-8372-ce3252fbb0ef,51.0762328,13.011513,296.3510769101174,4.0,0.0,0,-1346,waldheim.freifunk.net,ea:96:f7:87:ab:aa,-88,6,'(.*)(F|f)reifunk(.*)'
2015-09-19 19:09:42.570,1,GT-P3110,33a77e8e-9b56-4123-8372-ce3252fbb0ef,51.0762328,13.011513,296.3510769101174,4.0,0.0,0,-1346,waldheim.freifunk.net,fa:1c:68:cb:03:1a,-94,6,'(.*)(F|f)reifunk(.*)'
2015-09-19 19:09:45.652,1,GT-P3110,33a77e8e-9b56-4123-8372-ce3252fbb0ef,51.0762328,13.011513,296.32079709421294,6.0,0.0,0,-463,waldheim.freifunk.net,32:b7:c3:ed:86:14,-67,6,'(.*)(F|f)reifunk(.*)'
2015-09-19 19:09:45.659,1,GT-P3110,33a77e8e-9b56-4123-8372-ce3252fbb0ef,51.0762328,13.011513,296.32079709421294,6.0,0.0,0,-463,waldheim.freifunk.net,fa:1c:68:cb:03:1a,-94,6,'(.*)(F|f)reifunk(.*)'
2015-09-19 19:09:45.664,1,GT-P3110,33a77e8e-9b56-4123-8372-ce3252fbb0ef,51.0762328,13.011513,296.32079709421294,6.0,0.0,0,-463,waldheim.freifunk.net,ea:96:f7:87:ab:aa,-99,6,'(.*)(F|f)reifunk(.*)'
2015-09-19 19:09:48.752,1,GT-P3110,33a77e8e-9b56-4123-8372-ce3252fbb0ef,51.0762328,13.011513,296.06198651946835,4.0,0.0,0,-554,waldheim.freifunk.net,32:b7:c3:ed:86:14,-79,6,'(.*)(F|f)reifunk(.*)'
2015-09-19 19:09:48.757,1,GT-P3110,33a77e8e-9b56-4123-8372-ce3252fbb0ef,51.0762328,13.011513,296.06198651946835,4.0,0.0,0,-554,waldheim.freifunk.net,ea:96:f7:87:ab:aa,-99,6,'(.*)(F|f)reifunk(.*)'
2015-09-19 19:09:51.757,1,GT-P3110,33a77e8e-9b56-4123-8372-ce3252fbb0ef,51.0761818,13.0114767,295.8284153508877,4.0,0.0,0,-563,waldheim.freifunk.net,32:b7:c3:ed:86:14,-82,6,'(.*)(F|f)reifunk(.*)'
2015-09-19 19:09:54.784,1,GT-P3110,33a77e8e-9b56-4123-8372-ce3252fbb0ef,51.0761818,13.0114767,295.7628704278201,4.0,0.0,0,-1586,waldheim.freifunk.net,32:b7:c3:ed:86:14,-73,6,'(.*)(F|f)reifunk(.*)'
2015-09-19 19:09:54.789,1,GT-P3110,33a77e8e-9b56-4123-8372-ce3252fbb0ef,51.0761818,13.0114767,295.7628704278201,4.0,0.0,0,-1586,waldheim.freifunk.net,ea:96:f7:87:ab:aa,-92,6,'(.*)(F|f)reifunk(.*)'
2015-09-19 19:09:57.953,1,GT-P3110,33a77e8e-9b56-4123-8372-ce3252fbb0ef,51.0761818,13.0114767,295.66126797544297,4.0,0.0,0,-751,waldheim.freifunk.net,32:b7:c3:ed:86:14,-84,6,'(.*)(F|f)reifunk(.*)'
2015-09-19 19:09:57.956,1,GT-P3110,33a77e8e-9b56-4123-8372-ce3252fbb0ef,51.0761818,13.0114767,295.66126797544297,4.0,0.0,0,-751,waldheim.freifunk.net,ea:96:f7:87:ab:aa,-92,6,'(.*)(F|f)reifunk(.*)'
2015-09-19 19:10:01.136,1,GT-P3110,33a77e8e-9b56-4123-8372-ce3252fbb0ef,51.0761351,13.0114611,295.50356893598536,6.0,0.9732682,0,-1937,waldheim.freifunk.net,32:b7:c3:ed:86:14,-80,6,'(.*)(F|f)reifunk(.*)'
2015-09-19 19:10:04.340,1,GT-P3110,33a77e8e-9b56-4123-8372-ce3252fbb0ef,51.0760811,13.0114499,295.37592923703767,6.0,1.4299526,0,-133,waldheim.freifunk.net,32:b7:c3:ed:86:14,-80,6,'(.*)(F|f)reifunk(.*)'
2015-09-19 19:10:07.574,1,GT-P3110,33a77e8e-9b56-4123-8372-ce3252fbb0ef,51.0760343,13.0114467,295.3464131319223,4.0,1.3318992,0,-370,waldheim.freifunk.net,32:b7:c3:ed:86:14,-88,6,'(.*)(F|f)reifunk(.*)'
2015-09-19 19:10:09.613,1,GT-P3110,33a77e8e-9b56-4123-8372-ce3252fbb0ef,51.0760196,13.0114468,295.3555503074474,4.0,1.3788441,0,-1406,waldheim.freifunk.net,32:b7:c3:ed:86:14,-87,6,'(.*)(F|f)reifunk(.*)'
2015-09-19 19:10:10.790,1,GT-P3110,33a77e8e-9b56-4123-8372-ce3252fbb0ef,51.0759875,13.0114454,295.498262942985,4.0,1.3485855,0,-590,waldheim.freifunk.net,32:b7:c3:ed:86:14,-98,6,'(.*)(F|f)reifunk(.*)'
2015-09-19 19:10:12.809,1,GT-P3110,33a77e8e-9b56-4123-8372-ce3252fbb0ef,51.0759727,13.0114443,295.615583391022,4.0,1.3189814,0,-1601,waldheim.freifunk.net,32:b7:c3:ed:86:14,-98,6,'(.*)(F|f)reifunk(.*)'
2015-09-19 19:10:13.970,1,GT-P3110,33a77e8e-9b56-4123-8372-ce3252fbb0ef,51.0759481,13.0114436,295.89785305862074,4.0,1.298387,0,-775,waldheim.freifunk.net,32:b7:c3:ed:86:14,-97,6,'(.*)(F|f)reifunk(.*)'
2015-09-19 19:10:15.990,1,GT-P3110,33a77e8e-9b56-4123-8372-ce3252fbb0ef,51.0759372,13.0114454,296.0268408398225,6.0,1.2866049,0,-1787,waldheim.freifunk.net,32:b7:c3:ed:86:14,-95,6,'(.*)(F|f)reifunk(.*)'
2015-09-19 19:10:17.146,1,GT-P3110,33a77e8e-9b56-4123-8372-ce3252fbb0ef,51.0759192,13.0114468,296.23084703546874,4.0,1.2827048,0,-970,waldheim.freifunk.net,32:b7:c3:ed:86:14,-95,6,'(.*)(F|f)reifunk(.*)'
2015-09-19 19:10:19.187,1,GT-P3110,33a77e8e-9b56-4123-8372-ce3252fbb0ef,51.0758924,13.0114489,296.36630032989115,4.0,1.3034201,0,-1021,waldheim.freifunk.net,32:b7:c3:ed:86:14,-97,6,'(.*)(F|f)reifunk(.*)'
2015-09-19 19:10:20.338,1,GT-P3110,33a77e8e-9b56-4123-8372-ce3252fbb0ef,51.0758633,13.0114522,296.61158517792774,4.0,1.304576,0,-164,waldheim.freifunk.net,32:b7:c3:ed:86:14,-97,6,'(.*)(F|f)reifunk(.*)'
2015-09-19 19:10:22.359,1,GT-P3110,33a77e8e-9b56-4123-8372-ce3252fbb0ef,51.0758489,13.0114516,296.7727537062192,4.0,1.2976637,0,-1182,waldheim.freifunk.net,32:b7:c3:ed:86:14,-97,6,'(.*)(F|f)reifunk(.*)'
2015-09-19 19:10:22.360,1,GT-P3110,33a77e8e-9b56-4123-8372-ce3252fbb0ef,51.0758489,13.0114516,296.7727537062192,4.0,1.2976637,0,-1182,waldheim.freifunk.net,fa:1c:68:cb:03:1a,-97,6,'(.*)(F|f)reifunk(.*)'
2015-09-19 19:10:23.506,1,GT-P3110,33a77e8e-9b56-4123-8372-ce3252fbb0ef,51.0758099,13.0114525,297.14657692826637,6.0,1.2957234,0,-335,waldheim.freifunk.net,fa:1c:68:cb:03:1a,-97,6,'(.*)(F|f)reifunk(.*)'
2015-09-19 19:10:23.512,1,GT-P3110,33a77e8e-9b56-4123-8372-ce3252fbb0ef,51.0758099,13.0114525,297.14657692826637,6.0,1.2957234,0,-335,waldheim.freifunk.net,32:b7:c3:ed:86:14,-98,6,'(.*)(F|f)reifunk(.*)'
2015-09-19 19:10:25.567,1,GT-P3110,33a77e8e-9b56-4123-8372-ce3252fbb0ef,51.0757599,13.011458,297.6108480240836,6.0,1.3066645,0,-360,waldheim.freifunk.net,32:b7:c3:ed:86:14,-98,6,'(.*)(F|f)reifunk(.*)'
2015-09-19 19:10:25.571,1,GT-P3110,33a77e8e-9b56-4123-8372-ce3252fbb0ef,51.0757599,13.011458,297.6108480240836,6.0,1.3066645,0,-360,waldheim.freifunk.net,fa:1c:68:cb:03:1a,-99,6,'(.*)(F|f)reifunk(.*)'
2015-09-19 19:10:26.761,1,GT-P3110,33a77e8e-9b56-4123-8372-ce3252fbb0ef,51.0757599,13.011458,297.6108480240836,6.0,1.3066645,0,-1554,waldheim.freifunk.net,fa:1c:68:cb:03:1a,-95,6,'(.*)(F|f)reifunk(.*)'
2015-09-19 19:10:26.771,1,GT-P3110,33a77e8e-9b56-4123-8372-ce3252fbb0ef,51.0757599,13.011458,297.6108480240836,6.0,1.3066645,0,-1554,waldheim.freifunk.net,32:b7:c3:ed:86:14,-98,6,'(.*)(F|f)reifunk(.*)'
2015-09-19 19:10:28.785,1,GT-P3110,33a77e8e-9b56-4123-8372-ce3252fbb0ef,51.0757331,13.0114635,298.03076927330477,6.0,1.3228526,0,-1578,waldheim.freifunk.net,fa:1c:68:cb:03:1a,-95,6,'(.*)(F|f)reifunk(.*)'
2015-09-19 19:10:29.990,1,GT-P3110,33a77e8e-9b56-4123-8372-ce3252fbb0ef,51.0757154,13.011466,298.47104257122027,6.0,1.3116533,0,-766,waldheim.freifunk.net,32:b7:c3:ed:86:14,-94,6,'(.*)(F|f)reifunk(.*)'
2015-09-19 19:10:29.996,1,GT-P3110,33a77e8e-9b56-4123-8372-ce3252fbb0ef,51.0757154,13.011466,298.47104257122027,6.0,1.3116533,0,-766,waldheim.freifunk.net,fa:1c:68:cb:03:1a,-95,6,'(.*)(F|f)reifunk(.*)'
2015-09-19 19:10:32.015,1,GT-P3110,33a77e8e-9b56-4123-8372-ce3252fbb0ef,51.075702,13.0114642,298.8675280280864,4.0,1.2928987,0,-790,waldheim.freifunk.net,32:b7:c3:ed:86:14,-98,6,'(.*)(F|f)reifunk(.*)'
2015-09-19 19:10:33.234,1,GT-P3110,33a77e8e-9b56-4123-8372-ce3252fbb0ef,51.075702,13.0114642,298.8675280280864,4.0,1.2928987,0,-2018,waldheim.freifunk.net,fa:1c:68:cb:03:1a,-92,6,'(.*)(F|f)reifunk(.*)'
2015-09-19 19:10:33.239,1,GT-P3110,33a77e8e-9b56-4123-8372-ce3252fbb0ef,51.075702,13.0114642,298.8675280280864,4.0,1.2928987,0,-2018,waldheim.freifunk.net,32:b7:c3:ed:86:14,-97,6,'(.*)(F|f)reifunk(.*)'
2015-09-19 19:10:35.230,1,GT-P3110,33a77e8e-9b56-4123-8372-ce3252fbb0ef,51.0756856,13.0114672,299.09282275596445,4.0,1.293648,0,-1975,waldheim.freifunk.net,fa:1c:68:cb:03:1a,-92,6,'(.*)(F|f)reifunk(.*)'
2015-09-19 19:10:35.235,1,GT-P3110,33a77e8e-9b56-4123-8372-ce3252fbb0ef,51.0756856,13.0114672,299.09282275596445,4.0,1.293648,0,-1975,waldheim.freifunk.net,32:b7:c3:ed:86:14,-97,6,'(.*)(F|f)reifunk(.*)'
2015-09-19 19:10:36.447,1,GT-P3110,33a77e8e-9b56-4123-8372-ce3252fbb0ef,51.0756723,13.0114697,299.34795073586383,4.0,1.2861274,0,-1188,waldheim.freifunk.net,fa:1c:68:cb:03:1a,-92,6,'(.*)(F|f)reifunk(.*)'
2015-09-19 19:10:36.452,1,GT-P3110,33a77e8e-9b56-4123-8372-ce3252fbb0ef,51.0756723,13.0114697,299.34795073586383,4.0,1.2861274,0,-1188,waldheim.freifunk.net,32:b7:c3:ed:86:14,-97,6,'(.*)(F|f)reifunk(.*)'
2015-09-19 19:10:38.619,1,GT-P3110,33a77e8e-9b56-4123-8372-ce3252fbb0ef,51.0756605,13.0114837,299.4908001230058,6.0,1.2448785,0,-376,waldheim.freifunk.net,32:b7:c3:ed:86:14,-91,6,'(.*)(F|f)reifunk(.*)'
2015-09-19 19:10:38.622,1,GT-P3110,33a77e8e-9b56-4123-8372-ce3252fbb0ef,51.0756605,13.0114837,299.4908001230058,6.0,1.2448785,0,-376,waldheim.freifunk.net,fa:1c:68:cb:03:1a,-91,6,'(.*)(F|f)reifunk(.*)'
2015-09-19 19:10:39.667,1,GT-P3110,33a77e8e-9b56-4123-8372-ce3252fbb0ef,51.0756605,13.0114837,299.4908001230058,6.0,1.2448785,0,-1423,waldheim.freifunk.net,32:b7:c3:ed:86:14,-92,6,'(.*)(F|f)reifunk(.*)'
2015-09-19 19:10:39.672,1,GT-P3110,33a77e8e-9b56-4123-8372-ce3252fbb0ef,51.0756605,13.0114837,299.4908001230058,6.0,1.2448785,0,-1423,waldheim.freifunk.net,fa:1c:68:cb:03:1a,-93,6,'(.*)(F|f)reifunk(.*)'
2015-09-19 19:10:41.830,1,GT-P3110,33a77e8e-9b56-4123-8372-ce3252fbb0ef,51.0756498,13.0115024,299.55661295662765,6.0,1.2070335,0,-1061,waldheim.freifunk.net,32:b7:c3:ed:86:14,-95,6,'(.*)(F|f)reifunk(.*)'
2015-09-19 19:10:41.835,1,GT-P3110,33a77e8e-9b56-4123-8372-ce3252fbb0ef,51.0756498,13.0115024,299.55661295662765,6.0,1.2070335,0,-1061,waldheim.freifunk.net,fa:1c:68:cb:03:1a,-98,6,'(.*)(F|f)reifunk(.*)'
2015-09-19 19:10:45.073,1,GT-P3110,33a77e8e-9b56-4123-8372-ce3252fbb0ef,51.0756387,13.0115395,299.64828793490426,6.0,1.1862195,0,-1828,waldheim.freifunk.net,fa:1c:68:cb:03:1a,-87,6,'(.*)(F|f)reifunk(.*)'
2015-09-19 19:10:45.079,1,GT-P3110,33a77e8e-9b56-4123-8372-ce3252fbb0ef,51.0756387,13.0115395,299.64828793490426,6.0,1.1862195,0,-1828,waldheim.freifunk.net,32:b7:c3:ed:86:14,-95,6,'(.*)(F|f)reifunk(.*)'
2015-09-19 19:10:48.310,1,GT-P3110,33a77e8e-9b56-4123-8372-ce3252fbb0ef,51.0756467,13.0116291,299.52484836466664,6.0,1.1913117,0,-109,waldheim.freifunk.net,fa:1c:68:cb:03:1a,-91,6,'(.*)(F|f)reifunk(.*)'
2015-09-19 19:10:51.510,1,GT-P3110,33a77e8e-9b56-4123-8372-ce3252fbb0ef,51.0756429,13.01168,299.30199632186475,4.0,1.1686541,0,-311,waldheim.freifunk.net,fa:1c:68:cb:03:1a,-91,6,'(.*)(F|f)reifunk(.*)'
2015-09-19 19:10:54.712,1,GT-P3110,33a77e8e-9b56-4123-8372-ce3252fbb0ef,51.0756298,13.0117598,298.8197727305784,6.0,1.1721818,0,-505,waldheim.freifunk.net,fa:1c:68:cb:03:1a,-88,6,'(.*)(F|f)reifunk(.*)'
2015-09-19 19:10:57.916,1,GT-P3110,33a77e8e-9b56-4123-8372-ce3252fbb0ef,51.0756265,13.011804,298.49684830133197,4.0,1.1545423,0,-1707,waldheim.freifunk.net,fa:1c:68:cb:03:1a,-88,6,'(.*)(F|f)reifunk(.*)'
2015-09-19 19:11:01.116,1,GT-P3110,33a77e8e-9b56-4123-8372-ce3252fbb0ef,51.0756212,13.0118486,298.14131920716,4.0,1.1525227,0,-1914,waldheim.freifunk.net,fa:1c:68:cb:03:1a,-86,6,'(.*)(F|f)reifunk(.*)'
2015-09-19 19:11:04.317,1,GT-P3110,33a77e8e-9b56-4123-8372-ce3252fbb0ef,51.0756131,13.0119372,297.5948352519488,8.0,1.154076,0,-110,waldheim.freifunk.net,fa:1c:68:cb:03:1a,-83,6,'(.*)(F|f)reifunk(.*)'
2015-09-19 19:11:07.498,1,GT-P3110,33a77e8e-9b56-4123-8372-ce3252fbb0ef,51.075609,13.0119786,297.41374568418416,8.0,1.1497462,0,-1291,waldheim.freifunk.net,fa:1c:68:cb:03:1a,-79,6,'(.*)(F|f)reifunk(.*)'
2015-09-19 19:11:10.700,1,GT-P3110,33a77e8e-9b56-4123-8372-ce3252fbb0ef,51.0756048,13.0120513,297.18656823215207,8.0,1.0657061,0,-488,waldheim.freifunk.net,fa:1c:68:cb:03:1a,-86,6,'(.*)(F|f)reifunk(.*)'
2015-09-19 19:11:13.909,1,GT-P3110,33a77e8e-9b56-4123-8372-ce3252fbb0ef,51.0755974,13.012088,297.05007689645333,8.0,0.94875115,0,-684,waldheim.freifunk.net,fa:1c:68:cb:03:1a,-84,6,'(.*)(F|f)reifunk(.*)'
2015-09-19 19:11:17.116,1,GT-P3110,33a77e8e-9b56-4123-8372-ce3252fbb0ef,51.0755944,13.0121127,296.8893477259632,8.0,0.4135549,0,-907,waldheim.freifunk.net,fa:1c:68:cb:03:1a,-86,6,'(.*)(F|f)reifunk(.*)'
2015-09-19 19:11:20.313,1,GT-P3110,33a77e8e-9b56-4123-8372-ce3252fbb0ef,51.0755919,13.0121237,296.84621087812076,8.0,0.0,0,-1110,waldheim.freifunk.net,fa:1c:68:cb:03:1a,-85,6,'(.*)(F|f)reifunk(.*)'
2015-09-19 19:11:23.505,1,GT-P3110,33a77e8e-9b56-4123-8372-ce3252fbb0ef,51.075592,13.0121344,296.8420776838065,8.0,0.0,0,-1299,waldheim.freifunk.net,fa:1c:68:cb:03:1a,-80,6,'(.*)(F|f)reifunk(.*)'
2015-09-19 19:11:26.696,1,GT-P3110,33a77e8e-9b56-4123-8372-ce3252fbb0ef,51.0755932,13.0121284,296.82868206913776,6.0,0.0,0,-494,waldheim.freifunk.net,fa:1c:68:cb:03:1a,-81,6,'(.*)(F|f)reifunk(.*)'
2015-09-19 19:11:29.901,1,GT-P3110,33a77e8e-9b56-4123-8372-ce3252fbb0ef,51.0755957,13.0121133,296.8140028002126,8.0,0.0,0,-1682,waldheim.freifunk.net,fa:1c:68:cb:03:1a,-81,6,'(.*)(F|f)reifunk(.*)'
2015-09-19 19:11:33.115,1,GT-P3110,33a77e8e-9b56-4123-8372-ce3252fbb0ef,51.0756057,13.0120863,296.7978483765814,8.0,0.0,0,-1911,waldheim.freifunk.net,fa:1c:68:cb:03:1a,-84,6,'(.*)(F|f)reifunk(.*)'
2015-09-19 19:11:36.325,1,GT-P3110,33a77e8e-9b56-4123-8372-ce3252fbb0ef,51.0756177,13.0121086,296.6942423012687,6.0,0.49671614,0,-1102,waldheim.freifunk.net,fa:1c:68:cb:03:1a,-84,6,'(.*)(F|f)reifunk(.*)'
2015-09-19 19:11:39.524,1,GT-P3110,33a77e8e-9b56-4123-8372-ce3252fbb0ef,51.0756192,13.0121632,296.6588028140015,8.0,0.7143577,0,-1314,waldheim.freifunk.net,fa:1c:68:cb:03:1a,-84,6,'(.*)(F|f)reifunk(.*)'
2015-09-19 19:11:42.734,1,GT-P3110,33a77e8e-9b56-4123-8372-ce3252fbb0ef,51.0756248,13.0122273,296.6808217533301,8.0,0.75688267,0,-530,waldheim.freifunk.net,fa:1c:68:cb:03:1a,-93,6,'(.*)(F|f)reifunk(.*)'
2015-09-19 19:11:45.950,1,GT-P3110,33a77e8e-9b56-4123-8372-ce3252fbb0ef,51.0756193,13.012283,296.80808879810064,6.0,0.8052542,0,-767,waldheim.freifunk.net,fa:1c:68:cb:03:1a,-85,6,'(.*)(F|f)reifunk(.*)'
2015-09-19 19:11:49.180,1,GT-P3110,33a77e8e-9b56-4123-8372-ce3252fbb0ef,51.075603,13.0123415,296.9990630050856,8.0,0.85909164,0,-989,waldheim.freifunk.net,fa:1c:68:cb:03:1a,-82,6,'(.*)(F|f)reifunk(.*)'
2015-09-19 19:11:52.388,1,GT-P3110,33a77e8e-9b56-4123-8372-ce3252fbb0ef,51.0755917,13.0123987,297.1235904008066,6.0,0.93861187,0,-206,waldheim.freifunk.net,fa:1c:68:cb:03:1a,-80,6,'(.*)(F|f)reifunk(.*)'
2015-09-19 19:11:55.588,1,GT-P3110,33a77e8e-9b56-4123-8372-ce3252fbb0ef,51.0755877,13.0124579,297.1062466823052,6.0,0.9858952,0,-407,waldheim.freifunk.net,fa:1c:68:cb:03:1a,-80,6,'(.*)(F|f)reifunk(.*)'
2015-09-19 19:11:58.790,1,GT-P3110,33a77e8e-9b56-4123-8372-ce3252fbb0ef,51.0755809,13.0124924,297.04495657106406,4.0,1.0187026,1,-1605,,,,,'(.*)(F|f)reifunk(.*)'
2015-09-19 19:12:01.992,1,GT-P3110,33a77e8e-9b56-4123-8372-ce3252fbb0ef,51.0755666,13.012558,296.90997061138694,4.0,1.0645977,0,-801,waldheim.freifunk.net,fa:1c:68:cb:03:1a,-88,6,'(.*)(F|f)reifunk(.*)'
2015-09-19 19:12:05.196,1,GT-P3110,33a77e8e-9b56-4123-8372-ce3252fbb0ef,51.0755646,13.0125873,296.8291196942794,4.0,1.0677475,0,-2016,waldheim.freifunk.net,fa:1c:68:cb:03:1a,-93,6,'(.*)(F|f)reifunk(.*)'
2015-09-19 19:12:08.379,1,GT-P3110,33a77e8e-9b56-4123-8372-ce3252fbb0ef,51.0755594,13.0126584,296.69149135463937,4.0,1.0517299,0,-170,waldheim.freifunk.net,fa:1c:68:cb:03:1a,-90,6,'(.*)(F|f)reifunk(.*)'
2015-09-19 19:12:11.555,1,GT-P3110,33a77e8e-9b56-4123-8372-ce3252fbb0ef,51.0755566,13.0126944,296.42420354173834,4.0,1.0701661,0,-1365,waldheim.freifunk.net,fa:1c:68:cb:03:1a,-94,6,'(.*)(F|f)reifunk(.*)'
2015-09-19 19:12:14.737,1,GT-P3110,33a77e8e-9b56-4123-8372-ce3252fbb0ef,51.0755526,13.0127605,296.1706207266135,4.0,1.0717643,0,-1537,waldheim.freifunk.net,fa:1c:68:cb:03:1a,-94,6,'(.*)(F|f)reifunk(.*)'
2015-09-19 19:12:17.926,1,GT-P3110,33a77e8e-9b56-4123-8372-ce3252fbb0ef,51.075551,13.0128109,296.0083887094239,6.0,1.1043057,1,-1739,,,,,'(.*)(F|f)reifunk(.*)'
2015-09-19 19:12:21.115,1,GT-P3110,33a77e8e-9b56-4123-8372-ce3252fbb0ef,51.0755557,13.0128746,295.99420413154985,8.0,1.1127632,0,-1913,waldheim.freifunk.net,fa:1c:68:cb:03:1a,-86,6,'(.*)(F|f)reifunk(.*)'
2015-09-19 19:12:24.286,1,GT-P3110,33a77e8e-9b56-4123-8372-ce3252fbb0ef,51.0755587,13.0128903,295.7453740847886,4.0,0.29715946,0,-106,waldheim.freifunk.net,fa:1c:68:cb:03:1a,-87,6,'(.*)(F|f)reifunk(.*)'
2015-09-19 19:12:27.451,1,GT-P3110,33a77e8e-9b56-4123-8372-ce3252fbb0ef,51.0755506,13.012905,295.67450190972323,6.0,0.42591763,0,-253,waldheim.freifunk.net,fa:1c:68:cb:03:1a,-87,6,'(.*)(F|f)reifunk(.*)'
2015-09-19 19:12:30.616,1,GT-P3110,33a77e8e-9b56-4123-8372-ce3252fbb0ef,51.0755506,13.0129186,295.6065591469919,6.0,0.41529864,0,-437,waldheim.freifunk.net,fa:1c:68:cb:03:1a,-94,6,'(.*)(F|f)reifunk(.*)'
2015-09-19 19:12:33.797,1,GT-P3110,33a77e8e-9b56-4123-8372-ce3252fbb0ef,51.0755587,13.0129384,295.53761504282477,4.0,0.3352683,0,-613,waldheim.freifunk.net,fa:1c:68:cb:03:1a,-95,6,'(.*)(F|f)reifunk(.*)'
2015-09-19 19:12:36.973,1,GT-P3110,33a77e8e-9b56-4123-8372-ce3252fbb0ef,51.075551,13.0129385,295.5439119990364,4.0,0.0,0,-784,waldheim.freifunk.net,fa:1c:68:cb:03:1a,-97,6,'(.*)(F|f)reifunk(.*)'
2015-09-19 19:12:40.156,1,GT-P3110,33a77e8e-9b56-4123-8372-ce3252fbb0ef,51.0755687,13.0129357,295.5905948199923,4.0,0.976268,0,-972,waldheim.freifunk.net,fa:1c:68:cb:03:1a,-90,6,'(.*)(F|f)reifunk(.*)'
2015-09-19 19:12:43.350,1,GT-P3110,33a77e8e-9b56-4123-8372-ce3252fbb0ef,51.0756037,13.0129214,295.54198280061445,4.0,1.1424214,0,-720,waldheim.freifunk.net,fa:1c:68:cb:03:1a,-91,6,'(.*)(F|f)reifunk(.*)'
2015-09-19 19:12:46.522,1,GT-P3110,33a77e8e-9b56-4123-8372-ce3252fbb0ef,51.075641,13.0129239,295.38886107693224,4.0,1.0804976,0,-334,waldheim.freifunk.net,fa:1c:68:cb:03:1a,-97,6,'(.*)(F|f)reifunk(.*)'
2015-09-19 19:12:49.683,1,GT-P3110,33a77e8e-9b56-4123-8372-ce3252fbb0ef,51.0756668,13.0129344,295.1764692976342,4.0,1.0931989,0,-502,waldheim.freifunk.net,fa:1c:68:cb:03:1a,-87,6,'(.*)(F|f)reifunk(.*)'
2015-09-19 19:12:52.851,1,GT-P3110,33a77e8e-9b56-4123-8372-ce3252fbb0ef,51.0756929,13.0129383,295.0840861073782,4.0,1.1237965,0,-668,waldheim.freifunk.net,fa:1c:68:cb:03:1a,-91,6,'(.*)(F|f)reifunk(.*)'
2015-09-19 19:12:56.023,1,GT-P3110,33a77e8e-9b56-4123-8372-ce3252fbb0ef,51.0757228,13.012952,295.28020543943575,4.0,1.1374166,0,-839,waldheim.freifunk.net,fa:1c:68:cb:03:1a,-78,6,'(.*)(F|f)reifunk(.*)'
2015-09-19 19:12:59.218,1,GT-P3110,33a77e8e-9b56-4123-8372-ce3252fbb0ef,51.0757641,13.012971,295.4360715789132,4.0,1.1388907,0,-1028,waldheim.freifunk.net,fa:1c:68:cb:03:1a,-68,6,'(.*)(F|f)reifunk(.*)'
2015-09-19 19:13:02.406,1,GT-P3110,33a77e8e-9b56-4123-8372-ce3252fbb0ef,51.0758027,13.0129753,295.6422613644678,4.0,1.0905136,0,-212,waldheim.freifunk.net,fa:1c:68:cb:03:1a,-91,6,'(.*)(F|f)reifunk(.*)'
2015-09-19 19:13:02.414,1,GT-P3110,33a77e8e-9b56-4123-8372-ce3252fbb0ef,51.0758027,13.0129753,295.6422613644678,4.0,1.0905136,0,-212,waldheim.freifunk.net,32:b7:c3:ed:86:14,-99,6,'(.*)(F|f)reifunk(.*)'
2015-09-19 19:13:05.593,1,GT-P3110,33a77e8e-9b56-4123-8372-ce3252fbb0ef,51.0758194,13.0129795,295.78290989169886,4.0,1.0519476,0,-1395,waldheim.freifunk.net,fa:1c:68:cb:03:1a,-91,6,'(.*)(F|f)reifunk(.*)'
2015-09-19 19:13:05.598,1,GT-P3110,33a77e8e-9b56-4123-8372-ce3252fbb0ef,51.0758194,13.0129795,295.78290989169886,4.0,1.0519476,0,-1395,waldheim.freifunk.net,32:b7:c3:ed:86:14,-99,6,'(.*)(F|f)reifunk(.*)'
2015-09-19 19:13:08.769,1,GT-P3110,33a77e8e-9b56-4123-8372-ce3252fbb0ef,51.0758288,13.0129822,295.89028280237005,4.0,0.0,0,-579,waldheim.freifunk.net,fa:1c:68:cb:03:1a,-90,6,'(.*)(F|f)reifunk(.*)'
2015-09-19 19:13:11.949,1,GT-P3110,33a77e8e-9b56-4123-8372-ce3252fbb0ef,51.0758276,13.0129922,295.9084094733815,4.0,0.0,0,-762,waldheim.freifunk.net,fa:1c:68:cb:03:1a,-90,6,'(.*)(F|f)reifunk(.*)'
2015-09-19 19:13:15.119,1,GT-P3110,33a77e8e-9b56-4123-8372-ce3252fbb0ef,51.0758389,13.0130002,296.12378722210894,4.0,0.5391608,0,-928,waldheim.freifunk.net,fa:1c:68:cb:03:1a,-92,6,'(.*)(F|f)reifunk(.*)'
2015-09-19 19:13:18.287,1,GT-P3110,33a77e8e-9b56-4123-8372-ce3252fbb0ef,51.0758458,13.0129985,296.2744064030735,4.0,0.0,0,-99,waldheim.freifunk.net,fa:1c:68:cb:03:1a,-81,6,'(.*)(F|f)reifunk(.*)'
2015-09-19 19:13:21.454,1,GT-P3110,33a77e8e-9b56-4123-8372-ce3252fbb0ef,51.0758551,13.0129964,296.50563921333645,4.0,0.7620805,0,-1265,waldheim.freifunk.net,fa:1c:68:cb:03:1a,-85,6,'(.*)(F|f)reifunk(.*)'
2015-09-19 19:13:24.627,1,GT-P3110,33a77e8e-9b56-4123-8372-ce3252fbb0ef,51.0758891,13.0130073,296.593484407108,4.0,0.8688301,0,-440,waldheim.freifunk.net,fa:1c:68:cb:03:1a,-87,6,'(.*)(F|f)reifunk(.*)'
2015-09-19 19:13:27.787,1,GT-P3110,33a77e8e-9b56-4123-8372-ce3252fbb0ef,51.0759157,13.0130126,296.5694019384524,4.0,0.87993944,0,-600,waldheim.freifunk.net,fa:1c:68:cb:03:1a,-91,6,'(.*)(F|f)reifunk(.*)'
2015-09-19 19:13:30.955,1,GT-P3110,33a77e8e-9b56-4123-8372-ce3252fbb0ef,51.0759411,13.0130152,296.7782659048694,4.0,0.83578485,0,-763,waldheim.freifunk.net,fa:1c:68:cb:03:1a,-84,6,'(.*)(F|f)reifunk(.*)'
2015-09-19 19:13:34.120,1,GT-P3110,33a77e8e-9b56-4123-8372-ce3252fbb0ef,51.0759683,13.01301,297.01174560478705,4.0,0.85884345,0,-935,waldheim.freifunk.net,fa:1c:68:cb:03:1a,-82,6,'(.*)(F|f)reifunk(.*)'
2015-09-19 19:13:37.278,1,GT-P3110,33a77e8e-9b56-4123-8372-ce3252fbb0ef,51.075995,13.0130038,297.3629300837604,4.0,0.888222,0,-1074,waldheim.freifunk.net,fa:1c:68:cb:03:1a,-84,6,'(.*)(F|f)reifunk(.*)'
2015-09-19 19:13:40.443,1,GT-P3110,33a77e8e-9b56-4123-8372-ce3252fbb0ef,51.0760129,13.0129931,297.5575951924954,4.0,0.0,0,-252,waldheim.freifunk.net,fa:1c:68:cb:03:1a,-76,6,'(.*)(F|f)reifunk(.*)'
2015-09-19 19:13:43.607,1,GT-P3110,33a77e8e-9b56-4123-8372-ce3252fbb0ef,51.0760181,13.0129977,297.60556498284177,4.0,0.28677765,0,-1417,waldheim.freifunk.net,fa:1c:68:cb:03:1a,-78,6,'(.*)(F|f)reifunk(.*)'
2015-09-19 19:13:46.775,1,GT-P3110,33a77e8e-9b56-4123-8372-ce3252fbb0ef,51.0760481,13.0129805,297.5720801293642,4.0,0.6403184,0,-585,waldheim.freifunk.net,fa:1c:68:cb:03:1a,-85,6,'(.*)(F|f)reifunk(.*)'
2015-09-19 19:13:49.953,1,GT-P3110,33a77e8e-9b56-4123-8372-ce3252fbb0ef,51.0760777,13.0129721,297.5655265397174,4.0,0.8510215,0,-757,waldheim.freifunk.net,fa:1c:68:cb:03:1a,-77,6,'(.*)(F|f)reifunk(.*)'
2015-09-19 19:13:53.119,1,GT-P3110,33a77e8e-9b56-4123-8372-ce3252fbb0ef,51.0761154,13.0129553,297.4259116341381,6.0,0.953488,0,-1930,waldheim.freifunk.net,fa:1c:68:cb:03:1a,-91,6,'(.*)(F|f)reifunk(.*)'
2015-09-19 19:13:56.283,1,GT-P3110,33a77e8e-9b56-4123-8372-ce3252fbb0ef,51.0761541,13.0129518,297.1339712842145,4.0,0.9041749,0,-92,waldheim.freifunk.net,fa:1c:68:cb:03:1a,-81,6,'(.*)(F|f)reifunk(.*)'
2015-09-19 19:13:59.439,1,GT-P3110,33a77e8e-9b56-4123-8372-ce3252fbb0ef,51.0761722,13.0129523,297.0714749670418,6.0,0.95372665,0,-1245,waldheim.freifunk.net,fa:1c:68:cb:03:1a,-97,6,'(.*)(F|f)reifunk(.*)'
2015-09-19 19:14:02.595,1,GT-P3110,33a77e8e-9b56-4123-8372-ce3252fbb0ef,51.076217,13.0129591,296.8820704775206,4.0,1.0278219,0,-405,waldheim.freifunk.net,fa:1c:68:cb:03:1a,-92,6,'(.*)(F|f)reifunk(.*)'
2015-09-19 19:14:05.753,1,GT-P3110,33a77e8e-9b56-4123-8372-ce3252fbb0ef,51.076247,13.0129588,296.8899813056572,4.0,1.0034999,0,-555,waldheim.freifunk.net,fa:1c:68:cb:03:1a,-91,6,'(.*)(F|f)reifunk(.*)'
2015-09-19 19:14:08.920,1,GT-P3110,33a77e8e-9b56-4123-8372-ce3252fbb0ef,51.0762547,13.0129575,296.87935418375946,4.0,0.9267706,0,-1721,waldheim.freifunk.net,fa:1c:68:cb:03:1a,-86,6,'(.*)(F|f)reifunk(.*)'
2015-09-19 19:14:12.086,1,GT-P3110,33a77e8e-9b56-4123-8372-ce3252fbb0ef,51.0763,13.012918,296.97246072738244,4.0,0.94788575,0,-895,waldheim.freifunk.net,fa:1c:68:cb:03:1a,-84,6,'(.*)(F|f)reifunk(.*)'
2015-09-19 19:14:12.094,1,GT-P3110,33a77e8e-9b56-4123-8372-ce3252fbb0ef,51.0763,13.012918,296.97246072738244,4.0,0.94788575,0,-895,waldheim.freifunk.net,ea:96:f7:87:ab:aa,-97,6,'(.*)(F|f)reifunk(.*)'
2015-09-19 19:14:15.261,1,GT-P3110,33a77e8e-9b56-4123-8372-ce3252fbb0ef,51.0763222,13.0128961,296.9717539516494,4.0,0.5002639,0,-65,waldheim.freifunk.net,fa:1c:68:cb:03:1a,-78,6,'(.*)(F|f)reifunk(.*)'
2015-09-19 19:14:15.268,1,GT-P3110,33a77e8e-9b56-4123-8372-ce3252fbb0ef,51.0763222,13.0128961,296.9717539516494,4.0,0.5002639,0,-65,waldheim.freifunk.net,ea:96:f7:87:ab:aa,-97,6,'(.*)(F|f)reifunk(.*)'
2015-09-19 19:14:18.478,1,GT-P3110,33a77e8e-9b56-4123-8372-ce3252fbb0ef,51.076327,13.0128922,297.0653273857253,4.0,0.43744078,0,-1280,waldheim.freifunk.net,fa:1c:68:cb:03:1a,-85,6,'(.*)(F|f)reifunk(.*)'
2015-09-19 19:14:18.484,1,GT-P3110,33a77e8e-9b56-4123-8372-ce3252fbb0ef,51.076327,13.0128922,297.0653273857253,4.0,0.43744078,0,-1280,waldheim.freifunk.net,ea:96:f7:87:ab:aa,-94,6,'(.*)(F|f)reifunk(.*)'
2015-09-19 19:14:20.642,1,GT-P3110,33a77e8e-9b56-4123-8372-ce3252fbb0ef,51.0763322,13.0128837,297.2010257457045,4.0,0.0,0,-442,waldheim.freifunk.net,fa:1c:68:cb:03:1a,-85,6,'(.*)(F|f)reifunk(.*)'
2015-09-19 19:14:20.646,1,GT-P3110,33a77e8e-9b56-4123-8372-ce3252fbb0ef,51.0763322,13.0128837,297.2010257457045,4.0,0.0,0,-442,waldheim.freifunk.net,ea:96:f7:87:ab:aa,-94,6,'(.*)(F|f)reifunk(.*)'
2015-09-19 19:14:22.764,1,GT-P3110,33a77e8e-9b56-4123-8372-ce3252fbb0ef,51.076337,13.012879,297.2103134164248,4.0,0.0,0,-570,waldheim.freifunk.net,fa:1c:68:cb:03:1a,-91,6,'(.*)(F|f)reifunk(.*)'
2015-09-19 19:14:22.768,1,GT-P3110,33a77e8e-9b56-4123-8372-ce3252fbb0ef,51.076337,13.012879,297.2103134164248,4.0,0.0,0,-570,waldheim.freifunk.net,ea:96:f7:87:ab:aa,-94,6,'(.*)(F|f)reifunk(.*)'
2015-09-19 19:14:25.945,1,GT-P3110,33a77e8e-9b56-4123-8372-ce3252fbb0ef,51.0763525,13.0128712,297.2596510028659,4.0,0.6791617,0,-747,waldheim.freifunk.net,fa:1c:68:cb:03:1a,-83,6,'(.*)(F|f)reifunk(.*)'
2015-09-19 19:14:25.960,1,GT-P3110,33a77e8e-9b56-4123-8372-ce3252fbb0ef,51.0763525,13.0128712,297.2596510028659,4.0,0.6791617,0,-747,waldheim.freifunk.net,ea:96:f7:87:ab:aa,-92,6,'(.*)(F|f)reifunk(.*)'
2015-09-19 19:14:29.145,1,GT-P3110,33a77e8e-9b56-4123-8372-ce3252fbb0ef,51.0763621,13.0128648,297.1903182259345,4.0,0.617393,0,-1956,waldheim.freifunk.net,fa:1c:68:cb:03:1a,-86,6,'(.*)(F|f)reifunk(.*)'
2015-09-19 19:14:29.153,1,GT-P3110,33a77e8e-9b56-4123-8372-ce3252fbb0ef,51.0763621,13.0128648,297.1903182259345,4.0,0.617393,0,-1956,waldheim.freifunk.net,ea:96:f7:87:ab:aa,-100,6,'(.*)(F|f)reifunk(.*)'
2015-09-19 19:14:32.321,1,GT-P3110,33a77e8e-9b56-4123-8372-ce3252fbb0ef,51.0763761,13.0128687,297.00253030536874,4.0,0.600168,0,-1101,waldheim.freifunk.net,fa:1c:68:cb:03:1a,-84,6,'(.*)(F|f)reifunk(.*)'
2015-09-19 19:14:32.325,1,GT-P3110,33a77e8e-9b56-4123-8372-ce3252fbb0ef,51.0763761,13.0128687,297.00253030536874,4.0,0.600168,0,-1101,waldheim.freifunk.net,ea:96:f7:87:ab:aa,-100,6,'(.*)(F|f)reifunk(.*)'
2015-09-19 19:14:35.501,1,GT-P3110,33a77e8e-9b56-4123-8372-ce3252fbb0ef,51.0763914,13.0128781,296.90591091998243,4.0,0.6241691,0,-1304,waldheim.freifunk.net,fa:1c:68:cb:03:1a,-85,6,'(.*)(F|f)reifunk(.*)'
2015-09-19 19:14:38.672,1,GT-P3110,33a77e8e-9b56-4123-8372-ce3252fbb0ef,51.0764093,13.0128823,296.7786049710518,6.0,0.7651464,0,-477,waldheim.freifunk.net,fa:1c:68:cb:03:1a,-84,6,'(.*)(F|f)reifunk(.*)'
2015-09-19 19:14:41.836,1,GT-P3110,33a77e8e-9b56-4123-8372-ce3252fbb0ef,51.0764425,13.0128727,296.7156837780011,4.0,0.86312556,0,-1633,waldheim.freifunk.net,fa:1c:68:cb:03:1a,-83,6,'(.*)(F|f)reifunk(.*)'
2015-09-19 19:14:45.003,1,GT-P3110,33a77e8e-9b56-4123-8372-ce3252fbb0ef,51.0764966,13.0128389,296.7502379262664,4.0,0.9595827,0,-813,waldheim.freifunk.net,fa:1c:68:cb:03:1a,-75,6,'(.*)(F|f)reifunk(.*)'
2015-09-19 19:14:48.180,1,GT-P3110,33a77e8e-9b56-4123-8372-ce3252fbb0ef,51.0765294,13.0128114,296.913285750186,4.0,1.007347,0,-987,waldheim.freifunk.net,fa:1c:68:cb:03:1a,-79,6,'(.*)(F|f)reifunk(.*)'
2015-09-19 19:14:51.359,1,GT-P3110,33a77e8e-9b56-4123-8372-ce3252fbb0ef,51.0765895,13.0127766,296.6627393573988,4.0,1.0660938,0,-159,waldheim.freifunk.net,fa:1c:68:cb:03:1a,-73,6,'(.*)(F|f)reifunk(.*)'
2015-09-19 19:14:51.364,1,GT-P3110,33a77e8e-9b56-4123-8372-ce3252fbb0ef,51.0765895,13.0127766,296.6627393573988,4.0,1.0660938,0,-159,waldheim.freifunk.net,ea:96:f7:87:ab:aa,-97,6,'(.*)(F|f)reifunk(.*)'
2015-09-19 19:14:54.533,1,GT-P3110,33a77e8e-9b56-4123-8372-ce3252fbb0ef,51.0766288,13.0127588,296.408731897271,4.0,1.090325,0,-342,waldheim.freifunk.net,fa:1c:68:cb:03:1a,-84,6,'(.*)(F|f)reifunk(.*)'
2015-09-19 19:14:54.538,1,GT-P3110,33a77e8e-9b56-4123-8372-ce3252fbb0ef,51.0766288,13.0127588,296.408731897271,4.0,1.090325,0,-342,waldheim.freifunk.net,ea:96:f7:87:ab:aa,-97,6,'(.*)(F|f)reifunk(.*)'
2015-09-19 19:14:57.701,1,GT-P3110,33a77e8e-9b56-4123-8372-ce3252fbb0ef,51.0766484,13.0127496,296.2350896081263,4.0,1.1063097,0,-1502,waldheim.freifunk.net,fa:1c:68:cb:03:1a,-74,6,'(.*)(F|f)reifunk(.*)'
2015-09-19 19:14:57.706,1,GT-P3110,33a77e8e-9b56-4123-8372-ce3252fbb0ef,51.0766484,13.0127496,296.2350896081263,4.0,1.1063097,0,-1502,waldheim.freifunk.net,ea:96:f7:87:ab:aa,-98,6,'(.*)(F|f)reifunk(.*)'
2015-09-19 19:15:00.871,1,GT-P3110,33a77e8e-9b56-4123-8372-ce3252fbb0ef,51.0766684,13.0127467,295.90347432553517,4.0,1.0731267,0,-1674,waldheim.freifunk.net,fa:1c:68:cb:03:1a,-77,6,'(.*)(F|f)reifunk(.*)'
2015-09-19 19:15:00.876,1,GT-P3110,33a77e8e-9b56-4123-8372-ce3252fbb0ef,51.0766684,13.0127467,295.90347432553517,4.0,1.0731267,0,-1674,waldheim.freifunk.net,ea:96:f7:87:ab:aa,-98,6,'(.*)(F|f)reifunk(.*)'
2015-09-19 19:15:04.042,1,GT-P3110,33a77e8e-9b56-4123-8372-ce3252fbb0ef,51.0766959,13.0127399,295.47261677782444,4.0,1.0386637,0,-1817,waldheim.freifunk.net,fa:1c:68:cb:03:1a,-84,6,'(.*)(F|f)reifunk(.*)'
2015-09-19 19:15:07.218,1,GT-P3110,33a77e8e-9b56-4123-8372-ce3252fbb0ef,51.0767335,13.0127135,294.8706297586112,6.0,1.0192399,0,-1016,waldheim.freifunk.net,fa:1c:68:cb:03:1a,-86,6,'(.*)(F|f)reifunk(.*)'
2015-09-19 19:15:10.391,1,GT-P3110,33a77e8e-9b56-4123-8372-ce3252fbb0ef,51.0767606,13.0126953,294.70219929549046,4.0,1.0287904,0,-192,waldheim.freifunk.net,fa:1c:68:cb:03:1a,-99,6,'(.*)(F|f)reifunk(.*)'
2015-09-19 19:15:13.566,1,GT-P3110,33a77e8e-9b56-4123-8372-ce3252fbb0ef,51.0767856,13.0126621,294.5560790604902,4.0,1.0237137,0,-366,waldheim.freifunk.net,fa:1c:68:cb:03:1a,-93,6,'(.*)(F|f)reifunk(.*)'
2015-09-19 19:15:16.735,1,GT-P3110,33a77e8e-9b56-4123-8372-ce3252fbb0ef,51.0768107,13.0126434,294.443179778456,4.0,1.0446404,0,-1539,waldheim.freifunk.net,32:b7:c3:ed:86:14,-88,6,'(.*)(F|f)reifunk(.*)'
2015-09-19 19:15:16.740,1,GT-P3110,33a77e8e-9b56-4123-8372-ce3252fbb0ef,51.0768107,13.0126434,294.443179778456,4.0,1.0446404,0,-1539,waldheim.freifunk.net,fa:1c:68:cb:03:1a,-97,6,'(.*)(F|f)reifunk(.*)'
2015-09-19 19:15:19.900,1,GT-P3110,33a77e8e-9b56-4123-8372-ce3252fbb0ef,51.0768723,13.0126316,294.27182211189574,4.0,1.0972108,0,-696,waldheim.freifunk.net,fa:1c:68:cb:03:1a,-94,6,'(.*)(F|f)reifunk(.*)'
2015-09-19 19:15:19.905,1,GT-P3110,33a77e8e-9b56-4123-8372-ce3252fbb0ef,51.0768723,13.0126316,294.27182211189574,4.0,1.0972108,0,-696,waldheim.freifunk.net,32:b7:c3:ed:86:14,-94,6,'(.*)(F|f)reifunk(.*)'
2015-09-19 19:15:23.073,1,GT-P3110,33a77e8e-9b56-4123-8372-ce3252fbb0ef,51.0768956,13.0126266,294.26206020301356,4.0,1.1079327,0,-1873,waldheim.freifunk.net,fa:1c:68:cb:03:1a,-87,6,'(.*)(F|f)reifunk(.*)'
2015-09-19 19:15:23.080,1,GT-P3110,33a77e8e-9b56-4123-8372-ce3252fbb0ef,51.0768956,13.0126266,294.26206020301356,4.0,1.1079327,0,-1873,waldheim.freifunk.net,32:b7:c3:ed:86:14,-94,6,'(.*)(F|f)reifunk(.*)'
2015-09-19 19:15:26.261,1,GT-P3110,33a77e8e-9b56-4123-8372-ce3252fbb0ef,51.0769287,13.0126198,294.3154926370709,4.0,0.35054582,0,-61,waldheim.freifunk.net,fa:1c:68:cb:03:1a,-90,6,'(.*)(F|f)reifunk(.*)'
2015-09-19 19:15:29.421,1,GT-P3110,33a77e8e-9b56-4123-8372-ce3252fbb0ef,51.0769164,13.0126295,294.3088968556763,4.0,0.0,0,-217,waldheim.freifunk.net,fa:1c:68:cb:03:1a,-83,6,'(.*)(F|f)reifunk(.*)'
2015-09-19 19:15:32.588,1,GT-P3110,33a77e8e-9b56-4123-8372-ce3252fbb0ef,51.0769116,13.0126342,294.30591751109336,4.0,0.0,0,-1384,waldheim.freifunk.net,fa:1c:68:cb:03:1a,-88,6,'(.*)(F|f)reifunk(.*)'
2015-09-19 19:15:35.749,1,GT-P3110,33a77e8e-9b56-4123-8372-ce3252fbb0ef,51.07692,13.0126392,294.31237916153617,4.0,0.87876755,0,-1547,waldheim.freifunk.net,fa:1c:68:cb:03:1a,-88,6,'(.*)(F|f)reifunk(.*)'
2015-09-19 19:15:38.922,1,GT-P3110,33a77e8e-9b56-4123-8372-ce3252fbb0ef,51.0769798,13.0126147,293.90894181049885,4.0,1.0733451,0,-723,waldheim.freifunk.net,fa:1c:68:cb:03:1a,-91,6,'(.*)(F|f)reifunk(.*)'
2015-09-19 19:15:42.108,1,GT-P3110,33a77e8e-9b56-4123-8372-ce3252fbb0ef,51.0770147,13.0126021,293.55648168756153,4.0,1.0806587,0,-906,waldheim.freifunk.net,fa:1c:68:cb:03:1a,-93,6,'(.*)(F|f)reifunk(.*)'
2015-09-19 19:15:45.299,1,GT-P3110,33a77e8e-9b56-4123-8372-ce3252fbb0ef,51.0770545,13.0125596,293.1695983820549,4.0,1.0821078,0,-100,waldheim.freifunk.net,fa:1c:68:cb:03:1a,-91,6,'(.*)(F|f)reifunk(.*)'
2015-09-19 19:15:48.470,1,GT-P3110,33a77e8e-9b56-4123-8372-ce3252fbb0ef,51.0770767,13.012512,292.9659786150558,4.0,1.1045195,0,-264,waldheim.freifunk.net,fa:1c:68:cb:03:1a,-97,6,'(.*)(F|f)reifunk(.*)'
2015-09-19 19:15:51.645,1,GT-P3110,33a77e8e-9b56-4123-8372-ce3252fbb0ef,51.0770892,13.0124693,292.8282539918398,4.0,1.1061895,0,-442,waldheim.freifunk.net,fa:1c:68:cb:03:1a,-98,6,'(.*)(F|f)reifunk(.*)'
2015-09-19 19:15:54.816,1,GT-P3110,33a77e8e-9b56-4123-8372-ce3252fbb0ef,51.0770954,13.0124291,292.8064313117057,4.0,1.1294636,0,-622,waldheim.freifunk.net,fa:1c:68:cb:03:1a,-94,6,'(.*)(F|f)reifunk(.*)'
2015-09-19 19:15:58.008,1,GT-P3110,33a77e8e-9b56-4123-8372-ce3252fbb0ef,51.0771023,13.0123822,292.7555157491696,4.0,1.1415092,0,-807,waldheim.freifunk.net,fa:1c:68:cb:03:1a,-94,6,'(.*)(F|f)reifunk(.*)'
2015-09-19 19:16:01.182,1,GT-P3110,33a77e8e-9b56-4123-8372-ce3252fbb0ef,51.0771039,13.0123434,292.67273779966126,4.0,1.1441753,0,-1981,waldheim.freifunk.net,fa:1c:68:cb:03:1a,-97,6,'(.*)(F|f)reifunk(.*)'
2015-09-19 19:16:04.353,1,GT-P3110,33a77e8e-9b56-4123-8372-ce3252fbb0ef,51.0771153,13.012269,292.7818676249709,4.0,1.0870078,0,-142,waldheim.freifunk.net,fa:1c:68:cb:03:1a,-97,6,'(.*)(F|f)reifunk(.*)'
2015-09-19 19:16:07.523,1,GT-P3110,33a77e8e-9b56-4123-8372-ce3252fbb0ef,51.0771263,13.0122299,292.94732111793274,4.0,1.0611076,0,-317,waldheim.freifunk.net,fa:1c:68:cb:03:1a,-94,6,'(.*)(F|f)reifunk(.*)'
2015-09-19 19:16:07.528,1,GT-P3110,33a77e8e-9b56-4123-8372-ce3252fbb0ef,51.0771263,13.0122299,292.94732111793274,4.0,1.0611076,0,-317,waldheim.freifunk.net,32:b7:c3:ed:86:14,-95,6,'(.*)(F|f)reifunk(.*)'
2015-09-19 19:16:10.705,1,GT-P3110,33a77e8e-9b56-4123-8372-ce3252fbb0ef,51.0771304,13.012195,293.0943727075142,4.0,1.0777309,0,-498,waldheim.freifunk.net,32:b7:c3:ed:86:14,-98,6,'(.*)(F|f)reifunk(.*)'
2015-09-19 19:16:10.711,1,GT-P3110,33a77e8e-9b56-4123-8372-ce3252fbb0ef,51.0771304,13.012195,293.0943727075142,4.0,1.0777309,0,-498,waldheim.freifunk.net,fa:1c:68:cb:03:1a,-100,6,'(.*)(F|f)reifunk(.*)'
2015-09-19 19:16:13.887,1,GT-P3110,33a77e8e-9b56-4123-8372-ce3252fbb0ef,51.077131,13.0121401,293.3622145812352,4.0,1.105527,0,-686,waldheim.freifunk.net,32:b7:c3:ed:86:14,-97,6,'(.*)(F|f)reifunk(.*)'
2015-09-19 19:16:13.892,1,GT-P3110,33a77e8e-9b56-4123-8372-ce3252fbb0ef,51.077131,13.0121401,293.3622145812352,4.0,1.105527,0,-686,waldheim.freifunk.net,fa:1c:68:cb:03:1a,-100,6,'(.*)(F|f)reifunk(.*)'
2015-09-19 19:16:17.074,1,GT-P3110,33a77e8e-9b56-4123-8372-ce3252fbb0ef,51.077147,13.0120626,293.4673408136313,4.0,1.1079805,0,-864,waldheim.freifunk.net,32:b7:c3:ed:86:14,-90,6,'(.*)(F|f)reifunk(.*)'
2015-09-19 19:16:20.251,1,GT-P3110,33a77e8e-9b56-4123-8372-ce3252fbb0ef,51.0771584,13.0120169,293.64580855361197,4.0,1.0676621,0,-1046,waldheim.freifunk.net,32:b7:c3:ed:86:14,-83,6,'(.*)(F|f)reifunk(.*)'
2015-09-19 19:16:23.465,1,GT-P3110,33a77e8e-9b56-4123-8372-ce3252fbb0ef,51.0771598,13.0119512,293.5532724510448,4.0,1.026947,0,-254,waldheim.freifunk.net,32:b7:c3:ed:86:14,-78,6,'(.*)(F|f)reifunk(.*)'
2015-09-19 19:16:26.661,1,GT-P3110,33a77e8e-9b56-4123-8372-ce3252fbb0ef,51.077143,13.0118761,293.63214069904757,4.0,1.0510654,0,-440,waldheim.freifunk.net,32:b7:c3:ed:86:14,-78,6,'(.*)(F|f)reifunk(.*)'
2015-09-19 19:16:29.858,1,GT-P3110,33a77e8e-9b56-4123-8372-ce3252fbb0ef,51.0771243,13.0118506,293.78424558266084,4.0,1.0641085,0,-650,waldheim.freifunk.net,32:b7:c3:ed:86:14,-83,6,'(.*)(F|f)reifunk(.*)'
2015-09-19 19:16:29.867,1,GT-P3110,33a77e8e-9b56-4123-8372-ce3252fbb0ef,51.0771243,13.0118506,293.78424558266084,4.0,1.0641085,0,-650,waldheim.freifunk.net,fa:1c:68:cb:03:1a,-98,6,'(.*)(F|f)reifunk(.*)'
2015-09-19 19:16:33.050,1,GT-P3110,33a77e8e-9b56-4123-8372-ce3252fbb0ef,51.0770972,13.0118174,293.8429105311902,4.0,1.0995226,0,-839,waldheim.freifunk.net,32:b7:c3:ed:86:14,-81,6,'(.*)(F|f)reifunk(.*)'
2015-09-19 19:16:33.057,1,GT-P3110,33a77e8e-9b56-4123-8372-ce3252fbb0ef,51.0770972,13.0118174,293.8429105311902,4.0,1.0995226,0,-839,waldheim.freifunk.net,fa:1c:68:cb:03:1a,-98,6,'(.*)(F|f)reifunk(.*)'
2015-09-19 19:16:36.285,1,GT-P3110,33a77e8e-9b56-4123-8372-ce3252fbb0ef,51.0770595,13.0118007,293.85021367846815,4.0,1.1335006,0,-86,waldheim.freifunk.net,32:b7:c3:ed:86:14,-79,6,'(.*)(F|f)reifunk(.*)'
2015-09-19 19:16:39.474,1,GT-P3110,33a77e8e-9b56-4123-8372-ce3252fbb0ef,51.0770205,13.0117893,293.8161933545807,4.0,1.1638027,0,-272,waldheim.freifunk.net,32:b7:c3:ed:86:14,-83,6,'(.*)(F|f)reifunk(.*)'
2015-09-19 19:16:42.670,1,GT-P3110,33a77e8e-9b56-4123-8372-ce3252fbb0ef,51.0769996,13.0117901,293.889487582161,4.0,1.1393542,0,-1465,waldheim.freifunk.net,32:b7:c3:ed:86:14,-87,6,'(.*)(F|f)reifunk(.*)'
2015-09-19 19:16:45.860,1,GT-P3110,33a77e8e-9b56-4123-8372-ce3252fbb0ef,51.0769945,13.011801,293.97911112284913,4.0,0.0,0,-1652,waldheim.freifunk.net,32:b7:c3:ed:86:14,-87,6,'(.*)(F|f)reifunk(.*)'
2015-09-19 19:16:49.039,1,GT-P3110,33a77e8e-9b56-4123-8372-ce3252fbb0ef,51.0769987,13.0118033,294.00633559414734,4.0,0.0,0,-1829,waldheim.freifunk.net,32:b7:c3:ed:86:14,-82,6,'(.*)(F|f)reifunk(.*)'
2015-09-19 19:16:52.248,1,GT-P3110,33a77e8e-9b56-4123-8372-ce3252fbb0ef,51.0770177,13.0117992,294.0314340953568,4.0,0.0,0,-1007,waldheim.freifunk.net,32:b7:c3:ed:86:14,-80,6,'(.*)(F|f)reifunk(.*)'
2015-09-19 19:16:55.441,1,GT-P3110,33a77e8e-9b56-4123-8372-ce3252fbb0ef,51.0769767,13.0117614,293.800436759154,6.0,1.0980127,0,-202,waldheim.freifunk.net,32:b7:c3:ed:86:14,-78,6,'(.*)(F|f)reifunk(.*)'
2015-09-19 19:16:58.625,1,GT-P3110,33a77e8e-9b56-4123-8372-ce3252fbb0ef,51.0769428,13.0117513,293.6014405477537,8.0,1.2107205,0,-392,waldheim.freifunk.net,32:b7:c3:ed:86:14,-75,6,'(.*)(F|f)reifunk(.*)'
2015-09-19 19:16:58.631,1,GT-P3110,33a77e8e-9b56-4123-8372-ce3252fbb0ef,51.0769428,13.0117513,293.6014405477537,8.0,1.2107205,0,-392,waldheim.freifunk.net,fa:1c:68:cb:03:1a,-94,6,'(.*)(F|f)reifunk(.*)'
2015-09-19 19:17:01.818,1,GT-P3110,33a77e8e-9b56-4123-8372-ce3252fbb0ef,51.0769184,13.0117452,293.61629466949705,6.0,1.2374308,0,-1597,waldheim.freifunk.net,32:b7:c3:ed:86:14,-79,6,'(.*)(F|f)reifunk(.*)'
2015-09-19 19:17:01.823,1,GT-P3110,33a77e8e-9b56-4123-8372-ce3252fbb0ef,51.0769184,13.0117452,293.61629466949705,6.0,1.2374308,0,-1597,waldheim.freifunk.net,fa:1c:68:cb:03:1a,-94,6,'(.*)(F|f)reifunk(.*)'
2015-09-19 19:17:01.827,1,GT-P3110,33a77e8e-9b56-4123-8372-ce3252fbb0ef,51.0769184,13.0117452,293.61629466949705,6.0,1.2374308,0,-1597,waldheim.freifunk.net,ea:96:f7:87:ab:aa,-94,6,'(.*)(F|f)reifunk(.*)'
2015-09-19 19:17:05.024,1,GT-P3110,33a77e8e-9b56-4123-8372-ce3252fbb0ef,51.0768818,13.0117262,293.71940532549394,12.0,1.241641,0,-1799,waldheim.freifunk.net,32:b7:c3:ed:86:14,-81,6,'(.*)(F|f)reifunk(.*)'
2015-09-19 19:17:05.036,1,GT-P3110,33a77e8e-9b56-4123-8372-ce3252fbb0ef,51.0768818,13.0117262,293.71940532549394,12.0,1.241641,0,-1799,waldheim.freifunk.net,ea:96:f7:87:ab:aa,-94,6,'(.*)(F|f)reifunk(.*)'
2015-09-19 19:17:05.042,1,GT-P3110,33a77e8e-9b56-4123-8372-ce3252fbb0ef,51.0768818,13.0117262,293.71940532549394,12.0,1.241641,0,-1799,waldheim.freifunk.net,fa:1c:68:cb:03:1a,-98,6,'(.*)(F|f)reifunk(.*)'
2015-09-19 19:17:08.315,1,GT-P3110,33a77e8e-9b56-4123-8372-ce3252fbb0ef,51.0768245,13.0116894,293.9356848370113,6.0,1.2790438,0,-84,waldheim.freifunk.net,32:b7:c3:ed:86:14,-71,6,'(.*)(F|f)reifunk(.*)'
2015-09-19 19:17:08.320,1,GT-P3110,33a77e8e-9b56-4123-8372-ce3252fbb0ef,51.0768245,13.0116894,293.9356848370113,6.0,1.2790438,0,-84,waldheim.freifunk.net,ea:96:f7:87:ab:aa,-92,6,'(.*)(F|f)reifunk(.*)'
2015-09-19 19:17:08.325,1,GT-P3110,33a77e8e-9b56-4123-8372-ce3252fbb0ef,51.0768245,13.0116894,293.9356848370113,6.0,1.2790438,0,-84,waldheim.freifunk.net,fa:1c:68:cb:03:1a,-98,6,'(.*)(F|f)reifunk(.*)'
2015-09-19 19:17:15.083,1,GT-P3110,33a77e8e-9b56-4123-8372-ce3252fbb0ef,51.0767631,13.011673,294.2828693386634,4.0,1.2790009,0,-1856,waldheim.freifunk.net,32:b7:c3:ed:86:14,-61,6,'(.*)(F|f)reifunk(.*)'
2015-09-19 19:17:15.085,1,GT-P3110,33a77e8e-9b56-4123-8372-ce3252fbb0ef,51.0767631,13.011673,294.2828693386634,4.0,1.2790009,0,-1856,waldheim.freifunk.net,fa:1c:68:cb:03:1a,-88,6,'(.*)(F|f)reifunk(.*)'
2015-09-19 19:17:15.086,1,GT-P3110,33a77e8e-9b56-4123-8372-ce3252fbb0ef,51.0767631,13.011673,294.2828693386634,4.0,1.2790009,0,-1856,waldheim.freifunk.net,ea:96:f7:87:ab:aa,-90,6,'(.*)(F|f)reifunk(.*)'
2015-09-19 19:17:18.068,1,GT-P3110,33a77e8e-9b56-4123-8372-ce3252fbb0ef,51.0767178,13.0116337,294.3371267092952,4.0,1.271174,0,-677,waldheim.freifunk.net,32:b7:c3:ed:86:14,-64,6,'(.*)(F|f)reifunk(.*)'
2015-09-19 19:17:18.070,1,GT-P3110,33a77e8e-9b56-4123-8372-ce3252fbb0ef,51.0767178,13.0116337,294.3371267092952,4.0,1.271174,0,-677,waldheim.freifunk.net,ea:96:f7:87:ab:aa,-81,6,'(.*)(F|f)reifunk(.*)'
2015-09-19 19:17:18.074,1,GT-P3110,33a77e8e-9b56-4123-8372-ce3252fbb0ef,51.0767178,13.0116337,294.3371267092952,4.0,1.271174,0,-677,waldheim.freifunk.net,fa:1c:68:cb:03:1a,-88,6,'(.*)(F|f)reifunk(.*)'
2015-09-19 19:17:21.044,1,GT-P3110,33a77e8e-9b56-4123-8372-ce3252fbb0ef,51.0766809,13.0116004,294.4030352541179,4.0,1.2684476,0,-756,waldheim.freifunk.net,32:b7:c3:ed:86:14,-62,6,'(.*)(F|f)reifunk(.*)'
2015-09-19 19:17:21.046,1,GT-P3110,33a77e8e-9b56-4123-8372-ce3252fbb0ef,51.0766809,13.0116004,294.4030352541179,4.0,1.2684476,0,-756,waldheim.freifunk.net,fa:1c:68:cb:03:1a,-80,6,'(.*)(F|f)reifunk(.*)'
2015-09-19 19:17:21.047,1,GT-P3110,33a77e8e-9b56-4123-8372-ce3252fbb0ef,51.0766809,13.0116004,294.4030352541179,4.0,1.2684476,0,-756,waldheim.freifunk.net,ea:96:f7:87:ab:aa,-84,6,'(.*)(F|f)reifunk(.*)'
2015-09-19 19:17:24.013,1,GT-P3110,33a77e8e-9b56-4123-8372-ce3252fbb0ef,51.0766473,13.0115837,294.4918611274449,6.0,1.2775944,0,-810,waldheim.freifunk.net,32:b7:c3:ed:86:14,-56,6,'(.*)(F|f)reifunk(.*)'
2015-09-19 19:17:24.020,1,GT-P3110,33a77e8e-9b56-4123-8372-ce3252fbb0ef,51.0766473,13.0115837,294.4918611274449,6.0,1.2775944,0,-810,waldheim.freifunk.net,ea:96:f7:87:ab:aa,-76,6,'(.*)(F|f)reifunk(.*)'
2015-09-19 19:17:24.022,1,GT-P3110,33a77e8e-9b56-4123-8372-ce3252fbb0ef,51.0766473,13.0115837,294.4918611274449,6.0,1.2775944,0,-810,waldheim.freifunk.net,fa:1c:68:cb:03:1a,-83,6,'(.*)(F|f)reifunk(.*)'
2015-09-19 19:17:27.003,1,GT-P3110,33a77e8e-9b56-4123-8372-ce3252fbb0ef,51.0766218,13.0115796,294.47313529109954,6.0,1.2961473,0,-1804,waldheim.freifunk.net,32:b7:c3:ed:86:14,-58,6,'(.*)(F|f)reifunk(.*)'
2015-09-19 19:17:27.004,1,GT-P3110,33a77e8e-9b56-4123-8372-ce3252fbb0ef,51.0766218,13.0115796,294.47313529109954,6.0,1.2961473,0,-1804,waldheim.freifunk.net,ea:96:f7:87:ab:aa,-73,6,'(.*)(F|f)reifunk(.*)'
2015-09-19 19:17:27.008,1,GT-P3110,33a77e8e-9b56-4123-8372-ce3252fbb0ef,51.0766218,13.0115796,294.47313529109954,6.0,1.2961473,0,-1804,waldheim.freifunk.net,fa:1c:68:cb:03:1a,-83,6,'(.*)(F|f)reifunk(.*)'
2015-09-19 19:17:29.989,1,GT-P3110,33a77e8e-9b56-4123-8372-ce3252fbb0ef,51.076573,13.0115728,294.4687584592121,6.0,1.3177736,0,-796,waldheim.freifunk.net,32:b7:c3:ed:86:14,-58,6,'(.*)(F|f)reifunk(.*)'
2015-09-19 19:17:29.990,1,GT-P3110,33a77e8e-9b56-4123-8372-ce3252fbb0ef,51.076573,13.0115728,294.4687584592121,6.0,1.3177736,0,-796,waldheim.freifunk.net,ea:96:f7:87:ab:aa,-73,6,'(.*)(F|f)reifunk(.*)'
2015-09-19 19:17:29.992,1,GT-P3110,33a77e8e-9b56-4123-8372-ce3252fbb0ef,51.076573,13.0115728,294.4687584592121,6.0,1.3177736,0,-796,waldheim.freifunk.net,fa:1c:68:cb:03:1a,-86,6,'(.*)(F|f)reifunk(.*)'
2015-09-19 19:17:33.003,1,GT-P3110,33a77e8e-9b56-4123-8372-ce3252fbb0ef,51.0765284,13.0115774,294.4964515391156,6.0,1.3347636,0,-808,waldheim.freifunk.net,32:b7:c3:ed:86:14,-56,6,'(.*)(F|f)reifunk(.*)'
2015-09-19 19:17:33.005,1,GT-P3110,33a77e8e-9b56-4123-8372-ce3252fbb0ef,51.0765284,13.0115774,294.4964515391156,6.0,1.3347636,0,-808,waldheim.freifunk.net,ea:96:f7:87:ab:aa,-76,6,'(.*)(F|f)reifunk(.*)'
2015-09-19 19:17:33.011,1,GT-P3110,33a77e8e-9b56-4123-8372-ce3252fbb0ef,51.0765284,13.0115774,294.4964515391156,6.0,1.3347636,0,-808,waldheim.freifunk.net,fa:1c:68:cb:03:1a,-86,6,'(.*)(F|f)reifunk(.*)'
2015-09-19 19:17:36.015,1,GT-P3110,33a77e8e-9b56-4123-8372-ce3252fbb0ef,51.0765036,13.0115718,294.5338476895211,4.0,1.3300071,0,-1790,waldheim.freifunk.net,32:b7:c3:ed:86:14,-55,6,'(.*)(F|f)reifunk(.*)'
2015-09-19 19:17:36.025,1,GT-P3110,33a77e8e-9b56-4123-8372-ce3252fbb0ef,51.0765036,13.0115718,294.5338476895211,4.0,1.3300071,0,-1790,waldheim.freifunk.net,ea:96:f7:87:ab:aa,-75,6,'(.*)(F|f)reifunk(.*)'
2015-09-19 19:17:36.034,1,GT-P3110,33a77e8e-9b56-4123-8372-ce3252fbb0ef,51.0765036,13.0115718,294.5338476895211,4.0,1.3300071,0,-1790,waldheim.freifunk.net,fa:1c:68:cb:03:1a,-83,6,'(.*)(F|f)reifunk(.*)'
2015-09-19 19:17:39.072,1,GT-P3110,33a77e8e-9b56-4123-8372-ce3252fbb0ef,51.0764707,13.0115507,294.489707060422,4.0,1.3407264,0,-1765,waldheim.freifunk.net,32:b7:c3:ed:86:14,-58,6,'(.*)(F|f)reifunk(.*)'
2015-09-19 19:17:39.077,1,GT-P3110,33a77e8e-9b56-4123-8372-ce3252fbb0ef,51.0764707,13.0115507,294.489707060422,4.0,1.3407264,0,-1765,waldheim.freifunk.net,ea:96:f7:87:ab:aa,-75,6,'(.*)(F|f)reifunk(.*)'
2015-09-19 19:17:39.081,1,GT-P3110,33a77e8e-9b56-4123-8372-ce3252fbb0ef,51.0764707,13.0115507,294.489707060422,4.0,1.3407264,0,-1765,waldheim.freifunk.net,fa:1c:68:cb:03:1a,-88,6,'(.*)(F|f)reifunk(.*)'
2015-09-19 19:17:42.150,1,GT-P3110,33a77e8e-9b56-4123-8372-ce3252fbb0ef,51.0764319,13.0115392,294.50705707328785,4.0,1.3456728,0,-1915,waldheim.freifunk.net,32:b7:c3:ed:86:14,-70,6,'(.*)(F|f)reifunk(.*)'
2015-09-19 19:17:42.155,1,GT-P3110,33a77e8e-9b56-4123-8372-ce3252fbb0ef,51.0764319,13.0115392,294.50705707328785,4.0,1.3456728,0,-1915,waldheim.freifunk.net,fa:1c:68:cb:03:1a,-88,6,'(.*)(F|f)reifunk(.*)'
2015-09-19 19:17:42.161,1,GT-P3110,33a77e8e-9b56-4123-8372-ce3252fbb0ef,51.0764319,13.0115392,294.50705707328785,4.0,1.3456728,0,-1915,waldheim.freifunk.net,ea:96:f7:87:ab:aa,-88,6,'(.*)(F|f)reifunk(.*)'
2015-09-19 19:17:45.376,1,GT-P3110,33a77e8e-9b56-4123-8372-ce3252fbb0ef,51.0763851,13.0115306,294.63103445822645,6.0,0.0,0,-1135,waldheim.freifunk.net,32:b7:c3:ed:86:14,-62,6,'(.*)(F|f)reifunk(.*)'
2015-09-19 19:17:45.386,1,GT-P3110,33a77e8e-9b56-4123-8372-ce3252fbb0ef,51.0763851,13.0115306,294.63103445822645,6.0,0.0,0,-1135,waldheim.freifunk.net,ea:96:f7:87:ab:aa,-80,6,'(.*)(F|f)reifunk(.*)'
2015-09-19 19:17:48.553,1,GT-P3110,33a77e8e-9b56-4123-8372-ce3252fbb0ef,51.0763474,13.011565,295.1325008592055,8.0,0.0,0,-307,waldheim.freifunk.net,32:b7:c3:ed:86:14,-63,6,'(.*)(F|f)reifunk(.*)'
2015-09-19 19:17:48.557,1,GT-P3110,33a77e8e-9b56-4123-8372-ce3252fbb0ef,51.0763474,13.011565,295.1325008592055,8.0,0.0,0,-307,waldheim.freifunk.net,ea:96:f7:87:ab:aa,-82,6,'(.*)(F|f)reifunk(.*)'
2015-09-19 19:17:51.552,1,GT-P3110,33a77e8e-9b56-4123-8372-ce3252fbb0ef,51.0763188,13.0115503,295.64641327196495,8.0,1.1076748,0,-307,waldheim.freifunk.net,32:b7:c3:ed:86:14,-64,6,'(.*)(F|f)reifunk(.*)'
2015-09-19 19:17:51.557,1,GT-P3110,33a77e8e-9b56-4123-8372-ce3252fbb0ef,51.0763188,13.0115503,295.64641327196495,8.0,1.1076748,0,-307,waldheim.freifunk.net,ea:96:f7:87:ab:aa,-88,6,'(.*)(F|f)reifunk(.*)'
2015-09-19 19:17:54.620,1,GT-P3110,33a77e8e-9b56-4123-8372-ce3252fbb0ef,51.0762861,13.0115367,296.02524548261675,8.0,1.101917,0,-1366,waldheim.freifunk.net,32:b7:c3:ed:86:14,-66,6,'(.*)(F|f)reifunk(.*)'
2015-09-19 19:17:54.625,1,GT-P3110,33a77e8e-9b56-4123-8372-ce3252fbb0ef,51.0762861,13.0115367,296.02524548261675,8.0,1.101917,0,-1366,waldheim.freifunk.net,ea:96:f7:87:ab:aa,-82,6,'(.*)(F|f)reifunk(.*)'
2015-09-19 19:17:57.690,1,GT-P3110,33a77e8e-9b56-4123-8372-ce3252fbb0ef,51.07625,13.0115425,296.4303511422444,8.0,1.0546113,0,-1448,waldheim.freifunk.net,32:b7:c3:ed:86:14,-67,6,'(.*)(F|f)reifunk(.*)'
2015-09-19 19:17:57.707,1,GT-P3110,33a77e8e-9b56-4123-8372-ce3252fbb0ef,51.07625,13.0115425,296.4303511422444,8.0,1.0546113,0,-1448,waldheim.freifunk.net,fa:1c:68:cb:03:1a,-87,6,'(.*)(F|f)reifunk(.*)'
2015-09-19 19:17:57.713,1,GT-P3110,33a77e8e-9b56-4123-8372-ce3252fbb0ef,51.07625,13.0115425,296.4303511422444,8.0,1.0546113,0,-1448,waldheim.freifunk.net,ea:96:f7:87:ab:aa,-91,6,'(.*)(F|f)reifunk(.*)'
2015-09-19 19:18:00.780,1,GT-P3110,33a77e8e-9b56-4123-8372-ce3252fbb0ef,51.0762191,13.0115769,296.61697688081586,8.0,1.0734996,0,-497,waldheim.freifunk.net,32:b7:c3:ed:86:14,-70,6,'(.*)(F|f)reifunk(.*)'
2015-09-19 19:18:00.786,1,GT-P3110,33a77e8e-9b56-4123-8372-ce3252fbb0ef,51.0762191,13.0115769,296.61697688081586,8.0,1.0734996,0,-497,waldheim.freifunk.net,ea:96:f7:87:ab:aa,-91,6,'(.*)(F|f)reifunk(.*)'
2015-09-19 19:18:00.789,1,GT-P3110,33a77e8e-9b56-4123-8372-ce3252fbb0ef,51.0762191,13.0115769,296.61697688081586,8.0,1.0734996,0,-497,waldheim.freifunk.net,fa:1c:68:cb:03:1a,-91,6,'(.*)(F|f)reifunk(.*)'
2015-09-19 19:18:03.977,1,GT-P3110,33a77e8e-9b56-4123-8372-ce3252fbb0ef,51.0762057,13.0116492,296.61448922497345,8.0,1.1162312,0,-719,waldheim.freifunk.net,32:b7:c3:ed:86:14,-81,6,'(.*)(F|f)reifunk(.*)'
2015-09-19 19:18:03.983,1,GT-P3110,33a77e8e-9b56-4123-8372-ce3252fbb0ef,51.0762057,13.0116492,296.61448922497345,8.0,1.1162312,0,-719,waldheim.freifunk.net,fa:1c:68:cb:03:1a,-82,6,'(.*)(F|f)reifunk(.*)'
2015-09-19 19:18:03.988,1,GT-P3110,33a77e8e-9b56-4123-8372-ce3252fbb0ef,51.0762057,13.0116492,296.61448922497345,8.0,1.1162312,0,-719,waldheim.freifunk.net,ea:96:f7:87:ab:aa,-95,6,'(.*)(F|f)reifunk(.*)'
2015-09-19 19:18:07.141,1,GT-P3110,33a77e8e-9b56-4123-8372-ce3252fbb0ef,51.0762115,13.0117167,296.44935699760026,6.0,1.1085284,0,-1902,waldheim.freifunk.net,fa:1c:68:cb:03:1a,-67,6,'(.*)(F|f)reifunk(.*)'
2015-09-19 19:18:07.147,1,GT-P3110,33a77e8e-9b56-4123-8372-ce3252fbb0ef,51.0762115,13.0117167,296.44935699760026,6.0,1.1085284,0,-1902,waldheim.freifunk.net,32:b7:c3:ed:86:14,-81,6,'(.*)(F|f)reifunk(.*)'
2015-09-19 19:18:07.157,1,GT-P3110,33a77e8e-9b56-4123-8372-ce3252fbb0ef,51.0762115,13.0117167,296.44935699760026,6.0,1.1085284,0,-1902,waldheim.freifunk.net,ea:96:f7:87:ab:aa,-95,6,'(.*)(F|f)reifunk(.*)'
2015-09-19 19:18:10.316,1,GT-P3110,33a77e8e-9b56-4123-8372-ce3252fbb0ef,51.0763013,13.0118455,296.1011236162936,6.0,1.222127,0,-78,waldheim.freifunk.net,fa:1c:68:cb:03:1a,-75,6,'(.*)(F|f)reifunk(.*)'
2015-09-19 19:18:13.336,1,GT-P3110,33a77e8e-9b56-4123-8372-ce3252fbb0ef,51.0763313,13.0118423,295.85670569771474,6.0,1.1649035,0,-96,waldheim.freifunk.net,fa:1c:68:cb:03:1a,-61,6,'(.*)(F|f)reifunk(.*)'
2015-09-19 19:18:13.341,1,GT-P3110,33a77e8e-9b56-4123-8372-ce3252fbb0ef,51.0763313,13.0118423,295.85670569771474,6.0,1.1649035,0,-96,waldheim.freifunk.net,ea:96:f7:87:ab:aa,-87,6,'(.*)(F|f)reifunk(.*)'
2015-09-19 19:18:16.344,1,GT-P3110,33a77e8e-9b56-4123-8372-ce3252fbb0ef,51.0763389,13.0118227,295.85145538269336,8.0,1.0080119,0,-53,waldheim.freifunk.net,fa:1c:68:cb:03:1a,-71,6,'(.*)(F|f)reifunk(.*)'
2015-09-19 19:18:16.351,1,GT-P3110,33a77e8e-9b56-4123-8372-ce3252fbb0ef,51.0763389,13.0118227,295.85145538269336,8.0,1.0080119,0,-53,waldheim.freifunk.net,ea:96:f7:87:ab:aa,-87,6,'(.*)(F|f)reifunk(.*)'
2015-09-19 19:18:19.343,1,GT-P3110,33a77e8e-9b56-4123-8372-ce3252fbb0ef,51.0763386,13.0117872,295.84170508716284,12.0,0.9375118,0,-84,waldheim.freifunk.net,ea:96:f7:87:ab:aa,-80,6,'(.*)(F|f)reifunk(.*)'
2015-09-19 19:18:19.347,1,GT-P3110,33a77e8e-9b56-4123-8372-ce3252fbb0ef,51.0763386,13.0117872,295.84170508716284,12.0,0.9375118,0,-84,waldheim.freifunk.net,fa:1c:68:cb:03:1a,-82,6,'(.*)(F|f)reifunk(.*)'
2015-09-19 19:18:22.344,1,GT-P3110,33a77e8e-9b56-4123-8372-ce3252fbb0ef,51.076339,13.0117634,295.8637188349871,12.0,0.0,0,-1100,waldheim.freifunk.net,fa:1c:68:cb:03:1a,-75,6,'(.*)(F|f)reifunk(.*)'
2015-09-19 19:18:22.349,1,GT-P3110,33a77e8e-9b56-4123-8372-ce3252fbb0ef,51.076339,13.0117634,295.8637188349871,12.0,0.0,0,-1100,waldheim.freifunk.net,ea:96:f7:87:ab:aa,-75,6,'(.*)(F|f)reifunk(.*)'
2015-09-19 19:18:22.354,1,GT-P3110,33a77e8e-9b56-4123-8372-ce3252fbb0ef,51.076339,13.0117634,295.8637188349871,12.0,0.0,0,-1100,waldheim.freifunk.net,32:b7:c3:ed:86:14,-88,6,'(.*)(F|f)reifunk(.*)'
2015-09-19 19:18:25.351,1,GT-P3110,33a77e8e-9b56-4123-8372-ce3252fbb0ef,51.0763386,13.0117432,295.8600667397689,12.0,0.0,0,-1119,waldheim.freifunk.net,ea:96:f7:87:ab:aa,-70,6,'(.*)(F|f)reifunk(.*)'
2015-09-19 19:18:25.356,1,GT-P3110,33a77e8e-9b56-4123-8372-ce3252fbb0ef,51.0763386,13.0117432,295.8600667397689,12.0,0.0,0,-1119,waldheim.freifunk.net,fa:1c:68:cb:03:1a,-83,6,'(.*)(F|f)reifunk(.*)'
2015-09-19 19:18:25.361,1,GT-P3110,33a77e8e-9b56-4123-8372-ce3252fbb0ef,51.0763386,13.0117432,295.8600667397689,12.0,0.0,0,-1119,waldheim.freifunk.net,32:b7:c3:ed:86:14,-90,6,'(.*)(F|f)reifunk(.*)'
2015-09-19 19:18:28.361,1,GT-P3110,33a77e8e-9b56-4123-8372-ce3252fbb0ef,51.0763377,13.0117345,295.83406616936537,16.0,0.0,0,-1150,waldheim.freifunk.net,ea:96:f7:87:ab:aa,-64,6,'(.*)(F|f)reifunk(.*)'
2015-09-19 19:18:28.365,1,GT-P3110,33a77e8e-9b56-4123-8372-ce3252fbb0ef,51.0763377,13.0117345,295.83406616936537,16.0,0.0,0,-1150,waldheim.freifunk.net,fa:1c:68:cb:03:1a,-80,6,'(.*)(F|f)reifunk(.*)'
2015-09-19 19:18:28.369,1,GT-P3110,33a77e8e-9b56-4123-8372-ce3252fbb0ef,51.0763377,13.0117345,295.83406616936537,16.0,0.0,0,-1150,waldheim.freifunk.net,32:b7:c3:ed:86:14,-94,6,'(.*)(F|f)reifunk(.*)'
2015-09-19 19:18:31.367,1,GT-P3110,33a77e8e-9b56-4123-8372-ce3252fbb0ef,51.0763414,13.011716,295.70062079501264,16.0,0.57771385,0,-197,waldheim.freifunk.net,fa:1c:68:cb:03:1a,-70,6,'(.*)(F|f)reifunk(.*)'
2015-09-19 19:18:31.381,1,GT-P3110,33a77e8e-9b56-4123-8372-ce3252fbb0ef,51.0763414,13.011716,295.70062079501264,16.0,0.57771385,0,-197,waldheim.freifunk.net,ea:96:f7:87:ab:aa,-77,6,'(.*)(F|f)reifunk(.*)'
2015-09-19 19:18:31.387,1,GT-P3110,33a77e8e-9b56-4123-8372-ce3252fbb0ef,51.0763414,13.011716,295.70062079501264,16.0,0.57771385,0,-197,waldheim.freifunk.net,32:b7:c3:ed:86:14,-94,6,'(.*)(F|f)reifunk(.*)'
2015-09-19 19:18:34.383,1,GT-P3110,33a77e8e-9b56-4123-8372-ce3252fbb0ef,51.0763438,13.0116914,295.401906791406,16.0,0.0,0,-175,waldheim.freifunk.net,ea:96:f7:87:ab:aa,-65,6,'(.*)(F|f)reifunk(.*)'
2015-09-19 19:18:34.388,1,GT-P3110,33a77e8e-9b56-4123-8372-ce3252fbb0ef,51.0763438,13.0116914,295.401906791406,16.0,0.0,0,-175,waldheim.freifunk.net,fa:1c:68:cb:03:1a,-80,6,'(.*)(F|f)reifunk(.*)'
2015-09-19 19:18:34.392,1,GT-P3110,33a77e8e-9b56-4123-8372-ce3252fbb0ef,51.0763438,13.0116914,295.401906791406,16.0,0.0,0,-175,waldheim.freifunk.net,32:b7:c3:ed:86:14,-86,6,'(.*)(F|f)reifunk(.*)'
2015-09-19 19:18:37.375,1,GT-P3110,33a77e8e-9b56-4123-8372-ce3252fbb0ef,51.0763447,13.0116846,294.93163457181726,16.0,1.1258839,0,-176,waldheim.freifunk.net,ea:96:f7:87:ab:aa,-58,6,'(.*)(F|f)reifunk(.*)'
2015-09-19 19:18:37.381,1,GT-P3110,33a77e8e-9b56-4123-8372-ce3252fbb0ef,51.0763447,13.0116846,294.93163457181726,16.0,1.1258839,0,-176,waldheim.freifunk.net,fa:1c:68:cb:03:1a,-78,6,'(.*)(F|f)reifunk(.*)'
2015-09-19 19:18:37.385,1,GT-P3110,33a77e8e-9b56-4123-8372-ce3252fbb0ef,51.0763447,13.0116846,294.93163457181726,16.0,1.1258839,0,-176,waldheim.freifunk.net,32:b7:c3:ed:86:14,-86,6,'(.*)(F|f)reifunk(.*)'
2015-09-19 19:18:40.384,1,GT-P3110,33a77e8e-9b56-4123-8372-ce3252fbb0ef,51.076352,13.0116808,294.47653553557564,12.0,1.2405068,0,-191,waldheim.freifunk.net,fa:1c:68:cb:03:1a,-69,6,'(.*)(F|f)reifunk(.*)'
2015-09-19 19:18:40.389,1,GT-P3110,33a77e8e-9b56-4123-8372-ce3252fbb0ef,51.076352,13.0116808,294.47653553557564,12.0,1.2405068,0,-191,waldheim.freifunk.net,ea:96:f7:87:ab:aa,-70,6,'(.*)(F|f)reifunk(.*)'
2015-09-19 19:18:40.393,1,GT-P3110,33a77e8e-9b56-4123-8372-ce3252fbb0ef,51.076352,13.0116808,294.47653553557564,12.0,1.2405068,0,-191,waldheim.freifunk.net,32:b7:c3:ed:86:14,-86,6,'(.*)(F|f)reifunk(.*)'
2015-09-19 19:18:43.373,1,GT-P3110,33a77e8e-9b56-4123-8372-ce3252fbb0ef,51.0763618,13.0116921,294.09184393870646,12.0,0.0,0,-1131,waldheim.freifunk.net,ea:96:f7:87:ab:aa,-64,6,'(.*)(F|f)reifunk(.*)'
2015-09-19 19:18:43.378,1,GT-P3110,33a77e8e-9b56-4123-8372-ce3252fbb0ef,51.0763618,13.0116921,294.09184393870646,12.0,0.0,0,-1131,waldheim.freifunk.net,fa:1c:68:cb:03:1a,-69,6,'(.*)(F|f)reifunk(.*)'
2015-09-19 19:18:43.383,1,GT-P3110,33a77e8e-9b56-4123-8372-ce3252fbb0ef,51.0763618,13.0116921,294.09184393870646,12.0,0.0,0,-1131,waldheim.freifunk.net,32:b7:c3:ed:86:14,-84,6,'(.*)(F|f)reifunk(.*)'
2015-09-19 19:18:46.367,1,GT-P3110,33a77e8e-9b56-4123-8372-ce3252fbb0ef,51.0763746,13.0117073,293.67824903800675,12.0,0.0,0,-193,waldheim.freifunk.net,fa:1c:68:cb:03:1a,-58,6,'(.*)(F|f)reifunk(.*)'
2015-09-19 19:18:46.369,1,GT-P3110,33a77e8e-9b56-4123-8372-ce3252fbb0ef,51.0763746,13.0117073,293.67824903800675,12.0,0.0,0,-193,waldheim.freifunk.net,ea:96:f7:87:ab:aa,-68,6,'(.*)(F|f)reifunk(.*)'
2015-09-19 19:18:46.371,1,GT-P3110,33a77e8e-9b56-4123-8372-ce3252fbb0ef,51.0763746,13.0117073,293.67824903800675,12.0,0.0,0,-193,waldheim.freifunk.net,32:b7:c3:ed:86:14,-86,6,'(.*)(F|f)reifunk(.*)'
2015-09-19 19:18:49.357,1,GT-P3110,33a77e8e-9b56-4123-8372-ce3252fbb0ef,51.0763739,13.0117114,293.33312990868933,16.0,0.54031736,0,-156,waldheim.freifunk.net,fa:1c:68:cb:03:1a,-63,6,'(.*)(F|f)reifunk(.*)'
2015-09-19 19:18:49.361,1,GT-P3110,33a77e8e-9b56-4123-8372-ce3252fbb0ef,51.0763739,13.0117114,293.33312990868933,16.0,0.54031736,0,-156,waldheim.freifunk.net,ea:96:f7:87:ab:aa,-72,6,'(.*)(F|f)reifunk(.*)'
2015-09-19 19:18:49.369,1,GT-P3110,33a77e8e-9b56-4123-8372-ce3252fbb0ef,51.0763739,13.0117114,293.33312990868933,16.0,0.54031736,0,-156,waldheim.freifunk.net,32:b7:c3:ed:86:14,-88,6,'(.*)(F|f)reifunk(.*)'
2015-09-19 19:18:52.381,1,GT-P3110,33a77e8e-9b56-4123-8372-ce3252fbb0ef,51.0763692,13.0116852,292.47313700453543,12.0,0.77097666,0,-188,waldheim.freifunk.net,fa:1c:68:cb:03:1a,-59,6,'(.*)(F|f)reifunk(.*)'
2015-09-19 19:18:52.385,1,GT-P3110,33a77e8e-9b56-4123-8372-ce3252fbb0ef,51.0763692,13.0116852,292.47313700453543,12.0,0.77097666,0,-188,waldheim.freifunk.net,ea:96:f7:87:ab:aa,-65,6,'(.*)(F|f)reifunk(.*)'
2015-09-19 19:18:52.391,1,GT-P3110,33a77e8e-9b56-4123-8372-ce3252fbb0ef,51.0763692,13.0116852,292.47313700453543,12.0,0.77097666,0,-188,waldheim.freifunk.net,32:b7:c3:ed:86:14,-94,6,'(.*)(F|f)reifunk(.*)'
2015-09-19 19:18:55.379,1,GT-P3110,33a77e8e-9b56-4123-8372-ce3252fbb0ef,51.0763721,13.0116716,291.640314075142,12.0,0.0,0,-202,waldheim.freifunk.net,ea:96:f7:87:ab:aa,-65,6,'(.*)(F|f)reifunk(.*)'
2015-09-19 19:18:55.382,1,GT-P3110,33a77e8e-9b56-4123-8372-ce3252fbb0ef,51.0763721,13.0116716,291.640314075142,12.0,0.0,0,-202,waldheim.freifunk.net,fa:1c:68:cb:03:1a,-72,6,'(.*)(F|f)reifunk(.*)'
2015-09-19 19:18:55.385,1,GT-P3110,33a77e8e-9b56-4123-8372-ce3252fbb0ef,51.0763721,13.0116716,291.640314075142,12.0,0.0,0,-202,waldheim.freifunk.net,32:b7:c3:ed:86:14,-88,6,'(.*)(F|f)reifunk(.*)'
2015-09-19 19:18:58.397,1,GT-P3110,33a77e8e-9b56-4123-8372-ce3252fbb0ef,51.0763797,13.0116586,290.7557698460882,12.0,0.0,0,-207,waldheim.freifunk.net,fa:1c:68:cb:03:1a,-60,6,'(.*)(F|f)reifunk(.*)'
2015-09-19 19:18:58.401,1,GT-P3110,33a77e8e-9b56-4123-8372-ce3252fbb0ef,51.0763797,13.0116586,290.7557698460882,12.0,0.0,0,-207,waldheim.freifunk.net,ea:96:f7:87:ab:aa,-67,6,'(.*)(F|f)reifunk(.*)'
2015-09-19 19:18:58.406,1,GT-P3110,33a77e8e-9b56-4123-8372-ce3252fbb0ef,51.0763797,13.0116586,290.7557698460882,12.0,0.0,0,-207,waldheim.freifunk.net,32:b7:c3:ed:86:14,-86,6,'(.*)(F|f)reifunk(.*)'
2015-09-19 19:19:01.383,1,GT-P3110,33a77e8e-9b56-4123-8372-ce3252fbb0ef,51.0763936,13.0116044,289.96692699458913,24.0,1.7882007,0,-250,waldheim.freifunk.net,ea:96:f7:87:ab:aa,-65,6,'(.*)(F|f)reifunk(.*)'
2015-09-19 19:19:01.394,1,GT-P3110,33a77e8e-9b56-4123-8372-ce3252fbb0ef,51.0763936,13.0116044,289.96692699458913,24.0,1.7882007,0,-250,waldheim.freifunk.net,fa:1c:68:cb:03:1a,-66,6,'(.*)(F|f)reifunk(.*)'
2015-09-19 19:19:01.401,1,GT-P3110,33a77e8e-9b56-4123-8372-ce3252fbb0ef,51.0763936,13.0116044,289.96692699458913,24.0,1.7882007,0,-250,waldheim.freifunk.net,32:b7:c3:ed:86:14,-77,6,'(.*)(F|f)reifunk(.*)'
